date,C1,C2,C3,C4,C5
1889-01-01,80.23,69.389,76.514,62.464,49.674
1889-02-01,41.512,50.465,46.574,49.163,35.359
1889-03-01,13.109,10.145,9.852,6.07,1.907
1889-04-01,111.622,131.174,131.475,126.035,82.131
1889-05-01,94.678,83.093,82.306,50.065,38.2
1889-06-01,161.45,121.893,147.838,92.42,104.106
1889-07-01,49.131,51.734,70.487,43.144,40.206
1889-08-01,93.209,79.328,87.025,52.281,48.83
1889-09-01,56.299,47.957,56.092,45.031,42.127
1889-10-01,81.801,100.151,101.786,87.48,99.034
1889-11-01,66.695,54.496,59.065,55.985,47.801
1889-12-01,28.001,37.17,29.103,26.564,21.506
1890-01-01,46.099,27.506,35.593,42.827,40.812
1890-02-01,6.851,12.437,15.056,17.036,18.071
1890-03-01,49.727,63.896,58.692,57.523,37.762
1890-04-01,33.818,21.219,24.24,26.365,26.613
1890-05-01,44.329,50.161,45.98,41.539,34.075
1890-06-01,64.886,51.595,52.623,50.955,51.056
1890-07-01,67.237,53.817,59.59,47.205,49.3
1890-08-01,94.253,84.326,85.842,61.688,70.364
1890-09-01,76.545,95.903,90.849,75.116,70.191
1890-10-01,74.679,66.88,72.533,68.874,75.154
1890-11-01,104.662,99.789,111.967,94.767,73.897
1890-12-01,47.952,45.072,47.975,52.964,45.388
1891-01-01,17.768,22.104,24.091,17.685,13.332
1891-02-01,2.916,1.646,4.566,4.705,1.761
1891-03-01,72.858,47.671,40.599,29.232,21.095
1891-04-01,39.367,61.747,53.697,40.171,24.018
1891-05-01,61.442,40.831,53.093,40.132,44.688
1891-06-01,73.185,74.125,78.256,77.049,74.522
1891-07-01,113.07,122.715,133.624,85.924,33.915
1891-08-01,80.443,102.557,95.3,63.87,20.045
1891-09-01,61.969,60.154,60.88,49.945,50.189
1891-10-01,111.945,108.668,117.768,91.386,81.352
1891-11-01,68.523,65.638,68.843,62.801,50.962
1891-12-01,60.08,54.789,60.257,45.39,51.357
1892-01-01,11.916,15.65,16.287,14.484,12.532
1892-02-01,9.535,8.674,10.031,7.406,7.167
1892-03-01,47.152,56.698,53.341,55.882,48.794
1892-04-01,153.364,138.392,167.267,139.94,124.287
1892-05-01,95.29,79.755,89.912,66.555,45.132
1892-06-01,88.724,62.633,74.1,40.606,35.886
1892-07-01,58.368,44.669,62.795,37.939,34.686
1892-08-01,99.105,92.821,105.045,61.901,54.97
1892-09-01,74.083,72.371,73.507,59.292,47.572
1892-10-01,70.282,83.9,77.257,66.422,49.087
1892-11-01,95.04,78.935,91.545,66.942,63.709
1892-12-01,65.314,74.037,74.655,72.052,51.257
1893-01-01,13.694,12.393,13.915,9.791,2.526
1893-02-01,6.523,7.121,9.787,11.089,6.615
1893-03-01,50.869,66.992,53.468,58.603,28.453
1893-04-01,94.674,93.853,106.927,77.632,77.101
1893-05-01,138.941,128.382,135.054,109.101,84.04
1893-06-01,83.248,55.799,66.009,49.273,48.968
1893-07-01,68.253,54.694,66.023,46.577,38.864
1893-08-01,87.716,89.79,99.33,69.014,46.396
1893-09-01,101.565,115.054,119.568,95.605,89.285
1893-10-01,132.869,123.903,133.949,104.818,91.23
1893-11-01,95.227,100.428,93.874,95.791,70.847
1893-12-01,32.396,48.125,44.676,40.554,31.249
1894-01-01,14.977,18.913,21.785,19.734,23.507
1894-02-01,12.065,20.421,20.207,25.589,20.95
1894-03-01,68.178,36.397,50.466,31.838,41.448
1894-04-01,80.809,82.712,91.287,68.352,63.753
1894-05-01,78.171,82.004,90.325,61.355,37.656
1894-06-01,92.372,88.623,98.64,70.564,60.822
1894-07-01,117.335,92.854,123.22,82.702,76.885
1894-08-01,78.047,69.74,80.262,45.482,40.264
1894-09-01,116.667,94.913,118.388,70.516,60.723
1894-10-01,156.634,111.115,147.36,112.945,134.235
1894-11-01,23.552,26.469,41.63,16.526,9.751
1894-12-01,69.223,81.425,76.808,72.748,55.698
1895-01-01,54.772,49.759,51.716,45.976,45.491
1895-02-01,11.02,8.551,9.556,11.916,7.035
1895-03-01,41.704,45.276,46.127,40.025,43
1895-04-01,85.661,64.131,66.953,55.662,48.193
1895-05-01,34.943,40.756,43.558,35.317,24.793
1895-06-01,60.082,46.985,59.848,46.221,49.525
1895-07-01,72.37,64.482,77.845,48.202,44.705
1895-08-01,88.296,90.17,108.023,88.189,92.806
1895-09-01,96.362,99.316,91.461,94.864,66.888
1895-10-01,35.998,36.954,40.579,31.138,26.133
1895-11-01,5.391,5.707,8.775,4.18,8.438
1895-12-01,57.685,66.909,74.912,64.499,38.366
1896-01-01,41.17,49.685,55.57,65.731,68.543
1896-02-01,63.513,69.666,71.931,72.147,57.117
1896-03-01,42.508,40.97,41.605,45.868,43.695
1896-04-01,92.869,84.179,85.227,86.109,98.885
1896-05-01,81.929,88.358,99.396,83.024,62.103
1896-06-01,47.008,58.38,58.718,58.713,45.579
1896-07-01,82.367,72.055,80.982,51.288,31.643
1896-08-01,75.502,79.342,89.794,67.018,38.854
1896-09-01,72.453,83.249,88.578,73.87,47.983
1896-10-01,12.393,13.493,12.942,17.425,21.738
1896-11-01,32.985,26.856,32.083,22.536,13.777
1896-12-01,28.571,31.367,29.704,28.803,24.789
1897-01-01,123.736,125.599,120.065,112.382,72.05
1897-02-01,57.785,73.362,72.547,75.93,56.515
1897-03-01,35.738,44.695,44.316,45.595,35.782
1897-04-01,36.269,32.577,36.239,26.167,16.988
1897-05-01,43.218,44.879,46.163,44.027,33.583
1897-06-01,54.672,40.721,47.659,34.791,31.351
1897-07-01,62.524,52.41,60.514,42.589,32.552
1897-08-01,82.995,70.722,87.346,64.314,60.002
1897-09-01,68.944,67.613,65.372,52.906,34.334
1897-10-01,80.37,88.245,86.04,65.118,48.629
1897-11-01,44.351,43.591,40.775,37.358,37.869
1897-12-01,20.039,18.63,17.878,16.523,11.495
1898-01-01,3.573,1.833,2.347,1.679,0.189
1898-02-01,21.019,16.43,15.618,6.45,7.201
1898-03-01,10.285,18.008,13.752,11.433,10.971
1898-04-01,57.643,58.861,65.478,55.828,47.082
1898-05-01,50.389,59.801,57.489,59.169,49.591
1898-06-01,87.482,64.069,72.335,53.358,54.17
1898-07-01,71.612,65.592,79.962,53.746,41.655
1898-08-01,37.982,33.909,38.25,28.498,30.475
1898-09-01,82.554,76.444,78.999,72.722,67.426
1898-10-01,69.292,63.198,63.403,44.658,35.433
1898-11-01,55.942,43.117,48.885,38.704,35.747
1898-12-01,36.034,45.245,43.298,41.123,28.997
1899-01-01,57.818,64.264,70.069,62.378,64.332
1899-02-01,49.133,38.963,41.446,36.711,35.253
1899-03-01,61.785,54.223,47.433,60.833,72.094
1899-04-01,70.348,89.529,86.588,84.234,55.117
1899-05-01,63.596,67.175,65.347,64.186,60.64
1899-06-01,110.473,100.162,90.596,91.876,85.041
1899-07-01,18.783,25.865,21.984,22.315,11.165
1899-08-01,65.777,62.325,60.489,50.468,42.377
1899-09-01,42.257,41.796,45.089,47.033,48.385
1899-10-01,61.76,69.877,64.562,53.923,45.477
1899-11-01,83.418,94.435,97.117,94.319,84.395
1899-12-01,21.572,22.205,24.021,24.08,24.032
1900-01-01,41.668,38.225,38.057,39.55,39.946
1900-02-01,10.412,6.981,7.86,6.447,4.946
1900-03-01,95.474,87.97,98.184,81.098,81.368
1900-04-01,87.026,102.251,103.348,108.079,103.088
1900-05-01,89.051,110.987,99.617,84.775,61.698
1900-06-01,103.903,89.126,86.902,63.21,64.703
1900-07-01,32.742,42.097,44.07,24.917,18.584
1900-08-01,111.096,97.21,108.763,77.469,89.899
1900-09-01,73.758,82.234,77.54,69.834,59.177
1900-10-01,37.952,39.269,53.389,32.267,32.405
1900-11-01,28.148,19.442,22.693,16.044,12.583
1900-12-01,28.821,21.895,22.439,22.019,13.669
1901-01-01,66.591,85.204,74.377,71.825,66.885
1901-02-01,13.095,14.63,15.969,11.644,9.354
1901-03-01,58.436,75.205,62.556,57.163,38.257
1901-04-01,109.728,121.053,123.883,127.287,105.001
1901-05-01,40.561,39.748,34.661,29.066,26.259
1901-06-01,101.513,75.334,64.236,55.697,57.104
1901-07-01,43.146,41.265,39.87,35.335,25.469
1901-08-01,54.657,65.793,69.225,58.228,46.14
1901-09-01,92.116,65.964,73.82,66.03,66.524
1901-10-01,73.547,62.263,63.456,49.209,59.425
1901-11-01,32.199,26.374,30.915,28.391,22.075
1901-12-01,19.362,15.65,19.833,20.008,23.687
1902-01-01,47.755,59.764,46.603,40.035,23.45
1902-02-01,32.304,35.696,37.909,34.701,27.375
1902-03-01,74.136,78.371,66.11,71.244,39.374
1902-04-01,4.847,2.901,4.014,4.873,0.786
1902-05-01,31.491,31.806,36.168,22.084,14.465
1902-06-01,81.69,77.187,79.706,55.88,48.716
1902-07-01,28.234,26.381,33.089,25.736,25.145
1902-08-01,31.865,36.702,37.911,28.578,30.41
1902-09-01,60.764,61.971,65.923,58.735,54.285
1902-10-01,41.525,45.818,43.082,34.479,26.271
1902-11-01,17.972,18.626,17.425,14.637,13.542
1902-12-01,106.962,160.79,147.881,148.108,111.809
1903-01-01,35.708,26.921,33.116,25.41,21.063
1903-02-01,47.143,46.413,52.025,40.476,40.274
1903-03-01,59.683,78.888,67.024,76.769,66.199
1903-04-01,101.108,83.595,97.382,94.354,81.561
1903-05-01,52.067,43.257,43.998,29.722,27.246
1903-06-01,71.573,59.917,66.084,51.27,46.254
1903-07-01,100.982,79.364,96.372,66.241,66.026
1903-08-01,36.02,24.987,32.275,30.451,30.609
1903-09-01,85.397,94.479,78.926,71.578,58.608
1903-10-01,72.734,80.303,68.996,65.582,50.221
1903-11-01,117.731,106.978,97.868,87.918,93.472
1903-12-01,57.094,52.701,65.937,63.474,42.121
1904-01-01,116.559,119.009,117.791,122.709,93.566
1904-02-01,95.964,115.638,110.526,107.374,85.788
1904-03-01,18.144,19.524,21.936,21.234,25.375
1904-04-01,24.465,21.976,27.161,19.01,24.687
1904-05-01,94.94,80.585,83.835,63.337,52.938
1904-06-01,114.612,90.284,94.24,60.448,48.753
1904-07-01,70.668,58.438,66.093,53.065,53.391
1904-08-01,76.189,47.438,63.019,47.739,45.991
1904-09-01,45.802,53.158,48.929,42.861,47.323
1904-10-01,87.933,83.498,83.552,70.114,68.261
1904-11-01,46.321,56.03,55.359,51.845,44.638
1904-12-01,4.058,3.277,5.201,6.705,9.394
1905-01-01,30.478,33.069,33.072,41.298,45.227
1905-02-01,32.198,31.422,30.069,25.823,26.813
1905-03-01,11.629,9.263,11.582,10.68,16.537
1905-04-01,53.041,54.13,47.938,44.835,29.526
1905-05-01,92.426,98.877,105.54,87.346,69.12
1905-06-01,68.998,51.558,51.263,35.175,38.736
1905-07-01,115.593,91.896,100.848,73.8,55.398
1905-08-01,41.415,35.767,36.363,31.099,21.737
1905-09-01,79.83,62.029,63.965,63.018,65.076
1905-10-01,101.069,107.879,94.891,66.724,63.73
1905-11-01,37.652,38.978,38.268,32.026,31.027
1905-12-01,72.047,61.586,59.795,44.211,32.609
1906-01-01,2.745,0.881,0.48,2.888,1.128
1906-02-01,22.262,22.193,21.684,14.269,18.347
1906-03-01,103.045,103.13,99.932,108.026,75.432
1906-04-01,30.703,24.993,26.497,16.022,12.436
1906-05-01,91.603,73.599,80.66,65.448,70.438
1906-06-01,105.945,97.746,92.098,67.989,67.785
1906-07-01,93.501,77.496,84.909,65.182,68.798
1906-08-01,84.801,74.489,70.584,63.179,48.311
1906-09-01,107.642,93.472,78.427,72.27,51.541
1906-10-01,122.583,114.692,116.097,100.926,93.289
1906-11-01,111.288,105.758,106.501,85.789,87.629
1906-12-01,13.393,15.169,14.087,14.861,16.181
1907-01-01,14.218,12.471,24.79,14.763,15.68
1907-02-01,24.825,22.418,23.359,19.921,16.28
1907-03-01,18.911,24.08,22.956,25.388,15.429
1907-04-01,99.52,105.194,92.735,86.848,86.171
1907-05-01,62.956,58.412,57.922,48.381,39.852
1907-06-01,37.025,44.72,41.67,39.628,35.827
1907-07-01,83.136,58.61,72.411,40.936,40.372
1907-08-01,90.102,87.569,99.164,71.354,70.315
1907-09-01,29.989,38.084,38.706,30.347,29.333
1907-10-01,32.256,32.732,39.111,33.677,31.781
1907-11-01,61.827,49.735,49.866,34.062,29.022
1907-12-01,121.692,119.96,126.704,121.005,126.204
1908-01-01,15.931,16.734,19.986,16.095,13.263
1908-02-01,12.582,14.393,16.576,16.78,17.187
1908-03-01,53.521,54.836,53.533,46.361,39.015
1908-04-01,5.2,10.84,8.424,6.725,0.854
1908-05-01,66.153,50.324,54.91,33.808,30.458
1908-06-01,80.138,70.436,75.481,48.531,51.39
1908-07-01,34.184,30.078,33.074,32.707,30.891
1908-08-01,55.072,56.41,61.634,35.019,33.01
1908-09-01,110.516,107.776,115.886,87.575,88.124
1908-10-01,85.206,83.154,85.369,68.858,52.907
1908-11-01,52.604,44.056,50.504,38.509,30.23
1908-12-01,16.787,12.154,13.924,15.461,13.114
1909-01-01,48.196,56.249,50.197,57.185,55.569
1909-02-01,34.514,40.15,34.318,29.224,15.255
1909-03-01,47.99,54.049,52.032,52.701,46.423
1909-04-01,78.584,80.22,75.112,55.951,42.669
1909-05-01,120.365,108.021,86.292,70.897,59.111
1909-06-01,104.086,104.244,106.484,83.007,80.575
1909-07-01,63.084,62.826,66.933,41.082,29.345
1909-08-01,167.025,133.499,155.029,110.084,137.009
1909-09-01,56.267,52.366,56.916,36.999,31.59
1909-10-01,41.773,39.075,40.371,31.308,36.166
1909-11-01,18.982,32.946,23.768,27.65,26.692
1909-12-01,56.703,47.374,49.058,45.477,43.663
1910-01-01,48.121,34.858,42.798,37.01,29.081
1910-02-01,19.614,12.796,14.167,7.192,2.133
1910-03-01,98.018,78.414,86.984,68.431,71.821
1910-04-01,21.856,23.42,23.339,18.874,16.256
1910-05-01,85.93,70.172,74,57.907,45.866
1910-06-01,70.189,45.308,42.858,28.332,28.457
1910-07-01,87.43,62.752,81.853,52.301,50.878
1910-08-01,63.582,53.465,58.653,41.86,52.611
1910-09-01,123,109.542,120.299,91.7,84.073
1910-10-01,77.478,71.21,73.338,72.759,58.783
1910-11-01,69.974,72.608,72.228,62.665,45.266
1910-12-01,52.556,52.791,46.73,50.158,37.182
1911-01-01,28.956,34.667,21.978,16.185,11.3
1911-02-01,149.071,113.505,144.088,101.646,96.33
1911-03-01,163.552,173.352,163.375,123.505,88.907
1911-04-01,27.607,25.936,22.182,25.422,17.272
1911-05-01,82.56,71.044,69.567,49.907,33.191
1911-06-01,99.988,79.168,83.82,54.282,51.302
1911-07-01,61.992,52.249,57.318,35.812,35.107
1911-08-01,40.561,30.621,37.025,24.298,18.813
1911-09-01,122.657,146.275,150.204,140.956,124.439
1911-10-01,57.079,41.917,53.53,40.252,35.141
1911-11-01,12.093,14.137,15.165,9.338,3.169
1911-12-01,113.05,110.414,109.012,106.431,96.792
1912-01-01,6.738,8.874,6.691,5.803,1.587
1912-02-01,27.974,21.009,21.993,22.023,15.476
1912-03-01,35.938,46.991,38.454,35.96,29.561
1912-04-01,60.508,71.365,66.341,47.142,34.675
1912-05-01,30.897,32.512,34.04,30.09,18.873
1912-06-01,64.975,61.108,55.258,42.75,32.126
1912-07-01,50.951,41.962,42.785,30.793,24.531
1912-08-01,55.301,49.773,54.735,32.97,26.84
1912-09-01,129.362,100.334,105.817,95.326,88.13
1912-10-01,26.623,31.934,34.4,31.645,37.227
1912-11-01,79.778,83.303,82.823,71.837,74.999
1912-12-01,71.282,58.475,63.929,49.77,54.748
1913-01-01,9.795,9.016,10.113,7.124,2.287
1913-02-01,63.639,58.502,70.662,56.43,59.002
1913-03-01,161.46,179.537,153.123,152.772,129.336
1913-04-01,29.195,24.941,22.914,14.845,7.715
1913-05-01,61.969,82.073,66.242,63.203,50.895
1913-06-01,49.214,37.438,37.191,24.909,24.16
1913-07-01,49.45,47.935,46.873,30.125,17.67
1913-08-01,82.277,69.88,77.138,48.717,50.03
1913-09-01,67.825,65.488,68.998,53.471,61.037
1913-10-01,38.534,41.635,39.118,35.697,34.946
1913-11-01,59.916,74.832,72.406,69.008,65.387
1913-12-01,32.538,37.77,38.748,30.728,29.716
1914-01-01,29.092,31.236,24.005,27.214,20.748
1914-02-01,13.596,15.174,12.711,9.013,0.653
1914-03-01,26.743,33.83,29.007,26.879,22.91
1914-04-01,67.287,56.186,61.075,57.125,50.294
1914-05-01,47.25,49.1,44.124,34.282,31.806
1914-06-01,31.92,23.831,26.26,14.272,11.236
1914-07-01,80.293,67.999,79.291,45.708,46.719
1914-08-01,21.03,20.595,23.128,11.411,7.766
1914-09-01,29.157,33.87,34.612,27.924,20.727
1914-10-01,5.197,10.145,6.07,4.901,11.362
1914-11-01,50.35,42.706,46.322,47.051,42.565
1914-12-01,92.246,85.571,85.871,84.524,66.735
1915-01-01,40.681,40.057,39.416,27.094,23.728
1915-02-01,17.937,15.005,10.234,6.866,11.643
1915-03-01,9.899,15.909,10.03,12.4,3.504
1915-04-01,58.453,53.144,55.599,39.047,33.146
1915-05-01,85.07,84.956,88.931,59.377,45.567
1915-06-01,96.646,94.45,97.051,79.946,71.736
1915-07-01,60.102,41.962,58.538,43.557,41.104
1915-08-01,91.993,73.399,75.234,45.472,55.269
1915-09-01,115.275,100.42,103.708,75.578,76.144
1915-10-01,65.508,66.421,66.816,51.367,41.131
1915-11-01,31.71,30.829,39.154,40.869,37.374
1915-12-01,10.727,12.641,10.174,11.57,4.8
1916-01-01,60.248,62.475,69.792,68.812,59.48
1916-02-01,28.96,32.038,33.363,32.708,17.572
1916-03-01,3.958,5.018,4.157,3.599,3.653
1916-04-01,54.145,54.216,51.633,51.128,45.936
1916-05-01,24.914,26.915,25.613,15.938,12.923
1916-06-01,88.209,74.705,83.46,60.587,70.24
1916-07-01,84.871,58.258,78.609,46.567,36.275
1916-08-01,101.175,80.759,85.1,52.104,54.473
1916-09-01,176.574,210.488,201.679,196.81,170.327
1916-10-01,110.72,103.311,103.267,85.698,76.963
1916-11-01,109.253,125.412,108.663,82.706,81.585
1916-12-01,97.829,87.468,94.737,79.925,81.116
1917-01-01,29.479,31.573,27.861,26.893,21.336
1917-02-01,56.127,56.361,55.952,61.567,50.293
1917-03-01,49.397,50.69,49.773,42.087,37.38
1917-04-01,38.519,47.528,42.179,35.22,25.762
1917-05-01,109.01,90.397,99.267,78.167,79.814
1917-06-01,53.13,45.719,39.305,28.603,22.409
1917-07-01,89.976,83.13,97.88,60.192,59.668
1917-08-01,113.294,87.557,97.054,53.469,66.255
1917-09-01,94.585,87.862,90.939,61.956,49.198
1917-10-01,115.613,112.121,107.002,95.381,103.212
1917-11-01,71.188,79.316,76.848,66.583,59.069
1917-12-01,40.179,42.461,41.183,35.52,26.345
1918-01-01,31.939,19.038,24.367,24.247,20.135
1918-02-01,17.924,29.427,20.177,11.736,13.48
1918-03-01,99.209,118.183,99.236,75.42,53.3
1918-04-01,47.534,38.946,38.078,27.751,24.35
1918-05-01,119.591,94.834,108.016,76.369,71.35
1918-06-01,92.569,84.96,86.304,62.935,60.041
1918-07-01,78.109,73.798,88.57,64.219,46.781
1918-08-01,56.212,49.899,55.788,41.562,41.964
1918-09-01,53.545,45.042,48.684,33.179,24.026
1918-10-01,64.601,58.597,63.671,56.819,59.479
1918-11-01,8.335,10.37,9.897,11.791,8.813
1918-12-01,34.076,33.197,34.325,30.172,22.347
1919-01-01,7.075,9.094,9.034,10.055,8.632
1919-02-01,81.313,90.89,85.68,85.344,77.171
1919-03-01,87.906,111.532,119.839,119.978,81.603
1919-04-01,12.693,16.352,11.51,10.583,5.179
1919-05-01,76.377,74.445,66.721,60.084,58.349
1919-06-01,71.182,73.061,67.191,46.662,44.483
1919-07-01,60.442,51.525,63.225,41.617,42.556
1919-08-01,56.559,51.644,54.707,40.141,35.696
1919-09-01,75.327,57.668,58.745,41.447,42.936
1919-10-01,35.646,35.343,34.986,25.232,21.094
1919-11-01,20.291,27.623,23.679,27.213,15.426
1919-12-01,53.996,55.704,54.73,58.516,42.447
1920-01-01,12.624,10.584,8.961,12.434,6.361
1920-02-01,8.766,10.307,10.93,10.305,4.432
1920-03-01,36.899,34.784,36.702,34.326,37.583
1920-04-01,20.619,30.35,25.676,22.02,13.815
1920-05-01,71.089,69.852,63.493,45.619,33.642
1920-06-01,91.852,62.779,71.548,48.368,55.764
1920-07-01,78.111,53.423,57.643,32.227,25.155
1920-08-01,130.546,105.16,110.724,79.402,77.382
1920-09-01,82.466,79.907,74.688,67.578,59.1
1920-10-01,50.22,60.453,52.139,41.831,42.025
1920-11-01,73.787,96.372,91.894,76.87,64.756
1920-12-01,28.708,31.785,35.998,30.442,20.141
1921-01-01,80.581,79.07,87.75,76.786,73.805
1921-02-01,42.248,48.573,34.829,28.221,17.258
1921-03-01,35.119,28.254,32.812,19.345,14.108
1921-04-01,21.399,24.292,24.781,21.414,20.305
1921-05-01,70.349,74.112,72.049,70.284,59.698
1921-06-01,67.671,53.838,56.463,44.261,44.925
1921-07-01,95.286,72.449,92.888,57.991,62.415
1921-08-01,117.409,96.821,107.572,65.937,61.691
1921-09-01,115.543,99.782,99.698,81.811,68.72
1921-10-01,57.769,51.731,52.823,52.9,37.689
1921-11-01,61.278,58.556,55.62,44.924,40.14
1921-12-01,41.692,66.369,52.11,39.43,22.038
1922-01-01,16.104,17.183,19.324,15.319,17.91
1922-02-01,36.889,35.471,29.684,15.746,17.858
1922-03-01,9.211,11.563,12.044,16.552,14.671
1922-04-01,34.415,37.44,41.198,37.44,33.977
1922-05-01,85.77,76.468,84.685,76.18,65.663
1922-06-01,58.153,70.613,69.536,67.628,50.684
1922-07-01,57.597,49.791,62.691,40.044,42.234
1922-08-01,81.101,78.349,97.76,68.367,74.221
1922-09-01,73.732,84.015,70.561,52.738,41.002
1922-10-01,101.22,95.472,99.139,85.232,85.568
1922-11-01,39.812,31.095,42.199,31.043,25.161
1922-12-01,65.328,89.399,83.906,88.369,78.504
1923-01-01,30.635,38.779,30.243,36.635,28.205
1923-02-01,9.889,7.201,9.177,8.231,9.594
1923-03-01,1.947,2.6,2.797,2.679,3.496
1923-04-01,0.002,0.084,0.086,0.216,0.041
1923-05-01,115.492,97.515,95.914,76.04,76.29
1923-06-01,131.41,79.817,95.118,61.809,65.569
1923-07-01,193.525,138.036,180.268,102.047,100.518
1923-08-01,73.739,72.7,78.278,56.602,58.473
1923-09-01,78.435,77.6,81.188,61.614,51.971
1923-10-01,94.375,116.213,97.888,83.497,67.675
1923-11-01,57.424,56.672,56.898,48.25,50.818
1923-12-01,74.825,64.636,75.082,65.784,59.688
1924-01-01,44.757,56.702,50.205,51.416,33.728
1924-02-01,144.483,138.244,137.699,110.408,100.795
1924-03-01,153.793,166.864,137.947,124.169,92.407
1924-04-01,58.317,67.158,61.502,52.968,45.357
1924-05-01,41.883,33.128,36.406,28.974,27.92
1924-06-01,84.833,55.751,66.772,34.466,33.398
1924-07-01,32.064,30.385,32.712,20.882,18.833
1924-08-01,108.756,95.615,118.919,83.611,83.187
1924-09-01,91.361,87.412,80.431,58.754,47.348
1924-10-01,100.072,101.054,92.191,78.08,75.106
1924-11-01,125.962,105.403,122.336,96.865,94.782
1924-12-01,42.237,54.092,44.46,51.493,57.793
1925-01-01,39.588,47.648,31.507,26.134,23.193
1925-02-01,43.754,48.025,39.269,39.046,33.154
1925-03-01,8.852,12.112,9.173,9.485,3.238
1925-04-01,32.231,31.842,36.214,26.944,24.299
1925-05-01,85.687,75.008,82.162,81.095,76.339
1925-06-01,39.904,31.802,37.079,24.936,30.538
1925-07-01,73.735,58.828,73.666,44.704,40.571
1925-08-01,56.836,53.788,57.098,44.229,39.052
1925-09-01,85.411,66.749,73.194,57.481,62.641
1925-10-01,31.2,29.943,34.074,26.761,21.616
1925-11-01,46.807,55.285,60.685,68.287,52.504
1925-12-01,15.301,11.087,12.713,9.201,4.774
1926-01-01,25.279,29.389,27.326,21.486,11.014
1926-02-01,3.885,5.852,7.145,7.578,5.839
1926-03-01,19.022,23.526,19.127,23.149,12.86
1926-04-01,61.066,59.169,51.992,40.794,36.148
1926-05-01,95.174,89.43,81.112,64.109,69.891
1926-06-01,69.371,63.171,64.582,45.166,37.111
1926-07-01,82.926,60.628,80.859,51.011,56.395
1926-08-01,68.333,49.098,59.773,32.054,39.974
1926-09-01,49.382,41.179,46.285,38.497,42.733
1926-10-01,85.325,69.267,72.462,57.855,57.307
1926-11-01,39.743,43.955,45.397,30.192,27.701
1926-12-01,51.224,44.463,44.149,35.876,38.644
1927-01-01,6.427,6.577,8.063,7.541,11.216
1927-02-01,24.727,28.153,29.353,21.293,20.894
1927-03-01,27.766,28.913,29.034,25.544,26.721
1927-04-01,16.068,17.306,20.349,15.797,13.509
1927-05-01,70.146,62.366,60.982,53.067,47.971
1927-06-01,32.817,30.343,30.3,20.553,18.637
1927-07-01,91.626,78.768,98.143,74.526,79.412
1927-08-01,87.649,75.818,83.3,58.539,61.35
1927-09-01,41.684,38.326,43.734,27.822,25.145
1927-10-01,45.066,63.366,48.842,52.912,27.098
1927-11-01,18.177,23.487,22.561,28.353,33.724
1927-12-01,56.289,54.011,56.26,60.526,46.919
1928-01-01,97.864,90.461,93.905,73.548,66.616
1928-02-01,148.219,151.152,150.251,139.285,130.527
1928-03-01,75.366,89.808,82.288,99.114,76.428
1928-04-01,29.493,24.532,30.211,25.383,29.6
1928-05-01,66.144,61.626,63.436,50.297,48.015
1928-06-01,77.986,51.484,70.949,42.629,43.679
1928-07-01,37.138,34.519,30.575,17.996,17.669
1928-08-01,23.736,25.112,26.942,23.578,26.295
1928-09-01,65.506,69.169,57.199,51.204,47.953
1928-10-01,104.983,99.417,103.948,91.225,87.189
1928-11-01,24.556,33.517,27.85,31.487,28.763
1928-12-01,16.781,24.387,21.208,17.644,11.804
1929-01-01,32.974,35.712,31.322,34.078,40.604
1929-02-01,42.542,56.142,42.279,45.651,49.316
1929-03-01,41.709,53.411,46.941,45.854,37.991
1929-04-01,111.783,115.983,106.052,89.782,65.297
1929-05-01,46.616,48.09,43.5,28.643,21.593
1929-06-01,79.92,65.256,75.938,56.129,55.255
1929-07-01,58.248,45.429,55.338,40.915,36.046
1929-08-01,55.496,63.224,58.168,45.153,39.584
1929-09-01,46.308,51.708,40.707,38.295,37.165
1929-10-01,74.612,67.791,74.993,55.505,42.474
1929-11-01,50.166,59.354,55,57.822,49.823
1929-12-01,89.761,82.206,90.643,84.946,78.659
1930-01-01,4.076,2.4,5.068,3.508,1.642
1930-02-01,74.95,77.934,80.647,72.732,69.153
1930-03-01,6.743,5.797,6.056,7.059,5.827
1930-04-01,47.103,56.557,61.842,50.937,49.977
1930-05-01,51.907,45.692,51.243,39.907,39.054
1930-06-01,39.958,52.609,47.613,57.082,44.3
1930-07-01,63.925,49.405,63.633,38.786,46.608
1930-08-01,106.509,71.14,91.142,64.765,73.459
1930-09-01,66.659,76.16,81.548,66.315,65.583
1930-10-01,101.816,98.465,117.649,82.522,79.711
1930-11-01,45.52,62.093,54.519,63.355,56.313
1930-12-01,127.116,122.273,109.839,99.17,84.024
1931-01-01,22.134,29.274,28.105,23.356,12.096
1931-02-01,14.652,11.191,15.202,16.244,20.522
1931-03-01,96.398,96.058,99.48,89.332,73.683
1931-04-01,72.293,59.631,58.887,50.341,49.798
1931-05-01,79.098,73.894,86.776,64.225,67.849
1931-06-01,98.499,68.557,87.628,61.566,77.519
1931-07-01,84.872,76.806,89.395,55.629,52.889
1931-08-01,76.581,67.915,81.886,53.531,63.087
1931-09-01,62.519,57.025,62.023,41.351,46.668
1931-10-01,31.314,24.878,23.759,14.29,10.099
1931-11-01,78.804,78.707,85.003,78.495,81.008
1931-12-01,17.017,14.503,18.789,10.421,18.141
1932-01-01,4.12,4.817,4.654,4.556,3.52
1932-02-01,60.511,68.854,65.129,63.207,67.857
1932-03-01,131.775,125.62,117.446,92.077,89.568
1932-04-01,122.126,169.594,131.036,104.872,85.767
1932-05-01,18.912,15.342,22.674,13.417,14.292
1932-06-01,100.737,86.164,88.497,55.651,64.159
1932-07-01,64.552,47.775,61.453,37.428,37.77
1932-08-01,92.085,81.923,87.768,64.83,65.217
1932-09-01,35.47,44.12,57.493,39.514,52.9
1932-10-01,74.454,82.193,87.275,76.344,70.943
1932-11-01,26.579,51.722,36.387,30.138,28.788
1932-12-01,78.777,83.823,82.792,70.093,61.051
1933-01-01,34.407,18.078,28.791,17.871,10.74
1933-02-01,7.051,4.205,8.377,8.603,7.108
1933-03-01,31.597,28.055,31.824,24.937,25.706
1933-04-01,41.244,40.914,44.435,38.487,39.858
1933-05-01,89.253,90.86,87.617,80.084,70.527
1933-06-01,73.798,63.112,65.534,42.286,31.649
1933-07-01,60.633,54.511,55.584,44.178,32.961
1933-08-01,76.976,68.183,73.718,52.881,66.44
1933-09-01,103.925,81.017,83.895,53.341,54.407
1933-10-01,45.261,41.03,48.265,37.275,32.06
1933-11-01,88.133,87.004,82.995,77.794,97.586
1933-12-01,169.171,162.047,149.568,156.078,134.047
1934-01-01,34.886,54.691,50.493,57.66,45.787
1934-02-01,34.757,40.882,33.703,32.129,36.14
1934-03-01,8.759,15.332,11.317,15.059,14.273
1934-04-01,100.077,109.058,106.982,115.631,114.707
1934-05-01,3.906,6.395,5.209,4.605,4.84
1934-06-01,22.243,23.967,21.132,23.314,19.161
1934-07-01,54.3,51.454,45.785,47.378,42.254
1934-08-01,76.491,80.421,71.708,50.13,46.009
1934-09-01,65.879,77.709,61.697,54.332,63.71
1934-10-01,138.015,141.831,121.524,106.337,109.983
1934-11-01,135.683,151.504,158.177,143.653,153.817
1934-12-01,43.664,37.27,29.09,39.052,22.501
1935-01-01,39.217,46.901,44.82,38.36,21.589
1935-02-01,71.641,92.439,86.171,66.369,37.009
1935-03-01,73.036,63.147,74.538,48.919,48.903
1935-04-01,148.358,148.621,146.496,129.422,104.01
1935-05-01,54.23,48.292,56.451,30.996,24.624
1935-06-01,66.742,65.57,65.25,47.761,46.269
1935-07-01,83.222,43.51,62.218,31.544,34.621
1935-08-01,93.429,84.14,96.668,61.917,66.822
1935-09-01,62.228,44.742,52.409,37.507,44.123
1935-10-01,78.161,87.741,73.566,65.775,53.047
1935-11-01,41.692,46.066,45.021,36.884,30.739
1935-12-01,30.722,34.159,21.492,15.876,7.988
1936-01-01,33.145,37.845,29.509,28.103,24.985
1936-02-01,5.952,7.963,3.371,7.398,12.097
1936-03-01,33.719,40.572,40.553,54.646,51.043
1936-04-01,54.592,55.205,51.282,45.853,31.884
1936-05-01,63.771,45.296,49.591,37.138,40.201
1936-06-01,72.917,59.611,54.853,43.319,35.683
1936-07-01,124.669,110.424,113.832,90.333,89.833
1936-08-01,85.309,90.075,77.973,72.882,83.919
1936-09-01,40.386,39.466,37.168,29.751,24.902
1936-10-01,78.019,66.778,71.938,63.202,48.892
1936-11-01,35.28,37.498,37.278,35.5,30.252
1936-12-01,75.351,89.354,79.381,80.284,71.864
1937-01-01,79.702,65.702,69.585,56.137,62.785
1937-02-01,32.859,37.073,37.613,35.263,27.476
1937-03-01,32.792,39.526,41.6,46.145,33.539
1937-04-01,23.669,25.368,22.357,19.255,10.686
1937-05-01,62.046,56.43,65.315,53.68,54.072
1937-06-01,25.848,15.709,25.856,11.411,5.678
1937-07-01,52.993,43.125,52.402,35.999,28.655
1937-08-01,76.099,71.745,67.326,52.093,45.728
1937-09-01,71.121,72.449,70.412,54.765,50.044
1937-10-01,93.87,116.917,110.173,115.495,89.363
1937-11-01,15.802,14.567,14.218,13.897,14.636
1937-12-01,119.377,83.778,113.218,78.872,105.009
1938-01-01,54.19,48.185,55.726,49.248,41.01
1938-02-01,47.945,54.921,50.412,44.378,39.669
1938-03-01,17.873,29.71,23.637,23.01,17.482
1938-04-01,85.473,69.683,78.593,51.906,35.88
1938-05-01,28.737,25.9,25.462,18.977,13.927
1938-06-01,113.077,97.34,100.1,78.253,70.067
1938-07-01,51.199,37.158,46.913,36.618,38.604
1938-08-01,38.072,28.911,35.977,22.303,19.565
1938-09-01,37.523,28.591,35.554,30.677,25.126
1938-10-01,14.367,14.807,22.845,20.24,19.201
1938-11-01,29.314,40.133,30.656,31.709,28.401
1938-12-01,17.117,13.195,14.151,12.396,10.486
1939-01-01,8.27,6.811,6.973,4.449,3.296
1939-02-01,90.96,95.213,83.829,81.909,55.17
1939-03-01,11.527,7.804,9.584,7.774,5.617
1939-04-01,144.988,98.144,112.772,69.54,70.361
1939-05-01,77.047,57.748,74.657,54.594,55.007
1939-06-01,98.464,99.366,93.013,76.565,82.736
1939-07-01,51.63,31.03,47.467,26.424,26.594
1939-08-01,172.835,149.53,156.576,114.502,111.708
1939-09-01,82.402,72.623,82.296,64.468,55.731
1939-10-01,66.172,68.113,71.777,56.253,69.194
1939-11-01,134.238,146.488,137.337,129.665,99.436
1939-12-01,29.035,28.297,29.366,27.642,14.921
1940-01-01,44.839,39.626,45.289,42.124,42.394
1940-02-01,14.701,17.884,20.367,21.388,12.787
1940-03-01,14.084,13.194,13.382,12.553,11.198
1940-04-01,62.797,67.898,61.715,53.286,41.624
1940-05-01,38.723,35.243,35.827,27.672,21.483
1940-06-01,43.851,36.2,39.408,25.497,23.297
1940-07-01,74.962,60.885,66.484,41.314,36.051
1940-08-01,39.684,35.909,35.832,24.19,24.768
1940-09-01,71.926,80.252,73.054,67.897,52.621
1940-10-01,23.912,24.144,23.568,21.743,16.446
1940-11-01,76.549,84.143,79.536,75.782,70.749
1940-12-01,40.826,42.357,41.495,43.778,39.449
1941-01-01,125.731,103.795,98.923,81.404,69.996
1941-02-01,17.035,18.951,19.421,20.94,19.37
1941-03-01,86.711,101.351,77.453,68.731,70.633
1941-04-01,51.12,54.826,52.552,54.58,54.429
1941-05-01,24.679,24.126,25.365,24.27,24.434
1941-06-01,89.238,57.261,74.634,51.503,62.091
1941-07-01,83.851,63.166,73.47,46.064,54.438
1941-08-01,90.131,74.438,79.446,63.702,68.318
1941-09-01,103.752,93.532,98.75,83.073,76.904
1941-10-01,62.781,50.979,67.449,55.925,40.468
1941-11-01,46.956,49.156,52.132,41.602,47.402
1941-12-01,43.392,39.813,42.506,36.894,29.67
1942-01-01,46.586,36.106,38.966,29.187,33.565
1942-02-01,36.222,35.223,37.113,37.588,30.306
1942-03-01,49.686,49.591,48.455,42.761,34.755
1942-04-01,39.008,36.977,36.813,34.87,34.973
1942-05-01,138.752,127.82,122.188,85.839,80.084
1942-06-01,70.163,48.195,50.494,27.575,25.819
1942-07-01,72.115,64.827,65.613,58.919,79.33
1942-08-01,99.376,58.004,80.718,53.184,71.499
1942-09-01,108.593,92.239,99.393,69.616,80.374
1942-10-01,65.693,49.183,54.903,38.633,33.622
1942-11-01,76.169,97.298,80.89,67.954,48.519
1942-12-01,22.674,27.132,30.099,41.585,26.31
1943-01-01,45.16,47.315,43.783,39.637,40.503
1943-02-01,46.256,46.983,41.183,27.853,26.657
1943-03-01,11.858,13.765,10.236,10.033,9.368
1943-04-01,66.808,77.009,65.341,58.896,54.011
1943-05-01,44.683,33.507,37.748,25.143,23.098
1943-06-01,77.073,75.107,73.642,58.879,55.895
1943-07-01,85.541,63.58,78.521,54.416,56.985
1943-08-01,67.596,59.591,59.084,43.95,50.171
1943-09-01,85.709,92.27,94.24,82.629,85.263
1943-10-01,55.332,46.459,56.776,37.446,39.008
1943-11-01,42.089,47.176,44.752,35.745,29.347
1943-12-01,16.581,21.418,20.001,18.086,11.408
1944-01-01,28.963,29.782,38.564,34.82,29.928
1944-02-01,17.061,16.753,16.793,11.563,11.176
1944-03-01,41.26,34.161,29.885,18.783,11.551
1944-04-01,63.658,71.447,63.794,48.281,45.212
1944-05-01,122.023,123.618,122.607,90.607,83.644
1944-06-01,31.508,33.437,30.959,17.853,22.15
1944-07-01,72.887,55.894,57.576,24.411,25.832
1944-08-01,24.934,28.147,24.485,20.235,8.249
1944-09-01,33.504,31.129,33.275,25.309,29.953
1944-10-01,63.07,75.198,69.438,54.61,53.482
1944-11-01,38.122,39.897,37.949,32.716,25.284
1944-12-01,64.497,72.627,66.306,58.734,42.392
1945-01-01,41.637,35.056,33.16,28.273,22.483
1945-02-01,43.646,43.14,44.09,39.464,31.818
1945-03-01,6.344,10.51,6.597,5.602,0.997
1945-04-01,20.109,26.273,23.416,16.444,9.989
1945-05-01,54.292,73.376,59.03,56.797,49.034
1945-06-01,51.071,43.753,39.998,27.82,34.186
1945-07-01,67.731,56.383,66.072,53.31,57.234
1945-08-01,82.966,66.107,64.786,39.362,51.811
1945-09-01,50.745,66.64,56.498,38.304,34.765
1945-10-01,64.598,68.326,62.092,56.668,42.491
1945-11-01,61.549,72.953,74.275,69.405,74.209
1945-12-01,15.715,20.029,20.809,19.076,14.864
1946-01-01,112.923,100.749,108.885,91.339,103.966
1946-02-01,97.438,94.467,98.707,84.084,84.456
1946-03-01,96.501,97.051,102.952,82.373,86.375
1946-04-01,66.916,74.793,62.277,42.145,34.008
1946-05-01,41.354,45.7,41.721,40.65,24.271
1946-06-01,67.641,83.597,74.236,62.564,63.548
1946-07-01,98.817,98.413,105.735,66.669,52.195
1946-08-01,75.462,74.47,71.62,55.609,50.295
1946-09-01,66.972,79.636,69.078,62.105,45.796
1946-10-01,59.141,70.127,61.754,52.664,44.184
1946-11-01,48.806,41.533,39.686,32.426,30.758
1946-12-01,60.473,50.077,69.064,90.267,78.76
1947-01-01,9.875,11.785,12.38,11.058,2.259
1947-02-01,87.929,49.953,65.423,61.095,56.232
1947-03-01,127.695,107.716,111.21,89.026,91.492
1947-04-01,40.637,53.757,46.925,40.093,35.484
1947-05-01,22.069,17.834,14.572,12.213,10.786
1947-06-01,95.9,83.419,86.075,66.496,66.865
1947-07-01,105.909,91.438,102.812,77.652,78.403
1947-08-01,56.564,58.579,54.838,40.945,40.497
1947-09-01,62.981,58.578,58.459,47.215,52.286
1947-10-01,135.029,122.558,120.39,87.977,79.518
1947-11-01,65.774,69.522,66.882,56.659,50.674
1947-12-01,103.794,112.717,92.196,92.082,68.6
1948-01-01,36.122,35.717,41.746,27.432,27.071
1948-02-01,21.727,19.274,17.88,22.092,18.525
1948-03-01,14.139,13.545,12.552,8.399,1.819
1948-04-01,80.048,72.985,83.642,65.74,63.208
1948-05-01,102.04,97.917,112.464,97.851,92.525
1948-06-01,67.096,66.689,67.15,57.307,38.936
1948-07-01,68.776,50.804,60.693,33.452,33.141
1948-08-01,42.521,41.991,42.697,32.481,32.969
1948-09-01,69.854,68.061,65.952,40.916,39.67
1948-10-01,127.927,128.029,129.846,102.488,100.019
1948-11-01,50.684,46.523,48.188,31.465,34.472
1948-12-01,39.125,34.704,38.724,29.262,42.095
1949-01-01,16.148,19.095,21.04,20.134,23.56
1949-02-01,102.782,95.09,96.394,92.303,78.384
1949-03-01,133.698,118.49,110.945,105.93,77.387
1949-04-01,18.62,20.054,19.433,11.827,5.877
1949-05-01,49.708,54.766,51.788,46.441,39.972
1949-06-01,61.304,52.283,50.249,34.99,26.445
1949-07-01,65.189,53.648,56.23,39.699,33.013
1949-08-01,38.435,40.086,40.664,35.885,32.75
1949-09-01,64.051,53.673,56.132,46.276,43.286
1949-10-01,138.48,122.33,129.027,123.011,142.074
1949-11-01,105.61,109.329,121.672,112.534,92.425
1949-12-01,21.579,23.222,25.913,20.765,15.347
1950-01-01,16.182,22.581,18.955,20.219,2.67
1950-02-01,92.146,92.747,79.042,72.887,61.183
1950-03-01,64.196,69.103,61.218,76.499,52.855
1950-04-01,82.474,75.348,80.846,74.576,70.844
1950-05-01,80.035,46.13,65.191,48.068,45.662
1950-06-01,36.61,29.945,33.489,26.775,24.224
1950-07-01,64.264,40.951,51.82,36.198,24.717
1950-08-01,60.84,45.391,53.546,39.879,40.14
1950-09-01,135.073,140.346,140.024,113.148,110.291
1950-10-01,81.832,67.484,68.921,47.455,45.329
1950-11-01,58.831,52.33,58.176,40.809,45.358
1950-12-01,45.603,50.671,48.641,41.271,31.028
1951-01-01,29.59,36.236,29.265,29.212,14.696
1951-02-01,123.344,145.081,129.143,142.632,93.785
1951-03-01,3.528,3.722,4.172,4.448,6.884
1951-04-01,131.27,122.368,131.395,95.146,98.595
1951-05-01,112.817,94.01,95.136,75.31,73.737
1951-06-01,55.399,62.577,60.238,64.631,61.627
1951-07-01,103.368,76.329,87.216,56.267,58.045
1951-08-01,122.999,126.204,126.128,120.347,127.411
1951-09-01,36.047,36.908,40.184,36.324,36.538
1951-10-01,95.118,91.685,88.482,74.683,72.189
1951-11-01,43.886,41.273,43.674,37.04,34.47
1951-12-01,49.934,49.776,45.322,37.849,35.091
1952-01-01,26.899,29.919,29.428,26.752,32.989
1952-02-01,47.609,42.421,44.223,39.115,37.623
1952-03-01,27.671,27.899,25.441,22.048,16.865
1952-04-01,86.147,93.472,95.536,76.534,81.431
1952-05-01,118.796,105.789,107.985,86.493,80.18
1952-06-01,173.659,199.065,191.95,187.595,154.986
1952-07-01,68.587,63.476,65.354,46.549,46.45
1952-08-01,89.338,85.812,85.013,67.257,69.743
1952-09-01,73.014,70.484,72.341,63.225,67.961
1952-10-01,140.085,133.942,144.866,105.758,104.652
1952-11-01,128.873,116.004,133.416,120.117,120.858
1952-12-01,55.697,61.01,53.685,65.657,55.209
1953-01-01,20.429,22.562,20.473,21.216,22.557
1953-02-01,19.02,36.387,24.733,17.711,9.38
1953-03-01,12.628,8.348,7.698,4.702,3.548
1953-04-01,48.318,54.806,50.173,37.289,36.346
1953-05-01,80.982,72.824,69.729,45.52,35.083
1953-06-01,86.325,64.254,71.478,41.03,39.371
1953-07-01,85.171,68.741,80.53,55.133,65.389
1953-08-01,114.596,114.03,113.809,82.527,66.895
1953-09-01,121.202,106.185,110.393,92.008,96.807
1953-10-01,77.945,78.724,78.563,64.58,59.443
1953-11-01,120.898,109.575,123.506,88.705,72.542
1953-12-01,44.846,41.437,37.817,26.264,20.731
1954-01-01,37.959,48.062,39.377,42.721,22.668
1954-02-01,51.548,78.62,57.68,50.962,18.347
1954-03-01,24.024,22.37,23.454,16.647,20.033
1954-04-01,73.024,67.623,71.116,63.838,78.907
1954-05-01,36.576,36.537,41.694,25.639,26.932
1954-06-01,80.752,73.445,73.198,47.97,41.622
1954-07-01,49.259,35.211,44.663,30.974,35.034
1954-08-01,73.425,60.874,59.297,46.036,45.714
1954-09-01,69.305,66.96,64.412,45.474,37.784
1954-10-01,78.015,74.836,79.575,73.107,66.745
1954-11-01,122.458,133.44,123.767,121.922,111.566
1954-12-01,95.794,78.285,79.283,57.902,56.601
1955-01-01,18.293,14.944,13.874,20.419,8.793
1955-02-01,91.898,91.93,97.245,70.585,83.997
1955-03-01,35.367,91.037,80.796,95.956,51.627
1955-04-01,48.821,43.258,42.192,34.353,41.512
1955-05-01,73.955,68.065,69.079,63.186,58.213
1955-06-01,80.149,76.975,74.491,66.418,81.807
1955-07-01,76.644,60.723,69.449,47.127,51.157
1955-08-01,176.594,149.417,155.899,109.007,108.104
1955-09-01,78.064,58.797,66.119,62.653,61.472
1955-10-01,77.176,71.406,78.877,69.796,65.062
1955-11-01,52.934,48.605,49.413,41.757,45.74
1955-12-01,81.016,94.929,92.07,74.087,55.701
1956-01-01,48.508,38.36,40.875,39.503,31.585
1956-02-01,0.72,1.131,1.335,2.184,0.321
1956-03-01,52.105,55.104,60.069,44.55,43.525
1956-04-01,93.729,81.942,88.141,66.441,76.425
1956-05-01,162.045,133.927,134.222,95.71,67.552
1956-06-01,102.75,62.125,80.662,49.093,59.355
1956-07-01,108.122,71.935,93.525,59.822,67.173
1956-08-01,95.665,88.355,97.011,68.477,60.929
1956-09-01,135.423,123.102,117.527,86.652,60.96
1956-10-01,107.18,101.661,102.212,76.239,64.903
1956-11-01,59.205,60.104,62.919,49.563,47.633
1956-12-01,38.973,39.719,38.433,39.956,33.408
1957-01-01,3.977,3.828,3.961,3.719,3.873
1957-02-01,48.597,21.551,31.318,12.274,21.027
1957-03-01,57.636,45.344,49.376,30.758,31.256
1957-04-01,43.95,37.813,38.77,37.871,48.174
1957-05-01,53.144,47.921,52.183,47.376,53.392
1957-06-01,46.436,38.112,43.205,37.854,38.352
1957-07-01,54.688,67.503,56.421,43.12,23.954
1957-08-01,59.461,58.649,61.258,49.212,52.048
1957-09-01,87.827,83.02,84.408,53.521,58.685
1957-10-01,96.444,98.223,103.394,86.382,69.062
1957-11-01,61.004,58.321,61.851,41.077,35.88
1957-12-01,42.559,38.252,44.722,50.806,73.662
1958-01-01,21.134,13.966,15.415,11.284,4.182
1958-02-01,58.095,46.724,48.782,35.141,21.918
1958-03-01,18.394,19.315,18.153,13.637,13.703
1958-04-01,20.982,20.775,21.32,17.08,15.468
1958-05-01,119.504,111.524,115.526,82.718,75.839
1958-06-01,20.295,22.969,20.626,17.925,15.977
1958-07-01,79.449,65.949,76.961,52.543,54.726
1958-08-01,139.063,99.005,114.495,74.082,81.103
1958-09-01,76.877,67.052,75.876,57.018,41.594
1958-10-01,107.006,114.499,113.486,95.432,78.552
1958-11-01,59.69,57.783,66.665,49.111,46.568
1958-12-01,36.429,43.227,42.67,49.013,17.905
1959-01-01,19.271,11.071,14.512,11.071,15.65
1959-02-01,68.301,50.726,57.826,47.222,55.285
1959-03-01,79.061,78.331,82.528,74.448,70.9
1959-04-01,18.589,14.278,13.983,16.576,25.527
1959-05-01,17.047,12.629,13.997,9.267,12.836
1959-06-01,60.644,50.836,52.591,38.002,38.009
1959-07-01,57.973,50.176,54.963,33.143,34.17
1959-08-01,87.824,81.49,84.907,65.52,71.698
1959-09-01,77.984,83.918,78.725,65.67,61.89
1959-10-01,89.794,100.247,89.067,75.699,81.631
1959-11-01,20.145,20.189,22.862,30.378,34.97
1959-12-01,104.656,109.233,109.192,100.785,110.203
1960-01-01,31.853,20.686,21.707,10.808,14.613
1960-02-01,70.766,59.509,63.697,54.508,72.768
1960-03-01,23.767,17.533,20.131,13.206,14.333
1960-04-01,139.41,131.446,136.562,117.417,108.881
1960-05-01,181.731,143.821,146.53,88.309,73.319
1960-06-01,68.571,54.929,56.914,39.937,32.922
1960-07-01,123.311,109.81,125.337,90.717,92.304
1960-08-01,77.921,85.389,76.47,56.542,63.152
1960-09-01,157.223,125.005,133.62,89.666,67.597
1960-10-01,44.524,42.632,44.978,31.312,33.103
1960-11-01,121.583,116.71,120.807,98.266,98.206
1960-12-01,30.881,30.028,27.992,29.628,17.612
1961-01-01,13.781,9.863,10.488,9.567,5.353
1961-02-01,29.018,32.81,32.529,29.797,19.428
1961-03-01,67.332,76.461,77.39,74.068,42.505
1961-04-01,95.487,89.091,87.372,58.797,51.284
1961-05-01,37.576,42.108,41.278,34.042,28.092
1961-06-01,74.662,59.454,58.161,48.187,49.174
1961-07-01,84.337,77.538,82.822,48.273,47.245
1961-08-01,75.043,74.575,70.663,53.219,42.79
1961-09-01,39.638,40.171,39.996,31.721,31.718
1961-10-01,70.357,58.226,64.994,48.71,40.032
1961-11-01,40.109,26.605,33.086,29.297,37.428
1961-12-01,36.754,31.266,35.749,29.608,37.274
1962-01-01,59.323,40.39,31.53,22.489,26.939
1962-02-01,29.205,31.356,34.391,31.281,34.715
1962-03-01,49.843,33.7,30.019,30.75,39.064
1962-04-01,24.149,36.052,30.654,31.418,23.082
1962-05-01,93.846,85.086,86.14,62.894,60.214
1962-06-01,116.376,93.463,97.924,55.939,61.574
1962-07-01,57.313,50.002,54.392,37.651,40.57
1962-08-01,72.538,73.206,68.329,48.602,50.879
1962-09-01,99.065,107.771,111.423,86.628,77.738
1962-10-01,98.712,85.265,91.964,83.44,86.276
1962-11-01,38.654,28.916,28.909,18.306,13.365
1962-12-01,30.733,35.01,37.057,34.661,40.07
1963-01-01,197.978,177.195,189.35,144.771,121.392
1963-02-01,58.906,54.755,49.297,45.035,28.05
1963-03-01,37.407,39.778,40.535,31.318,26.126
1963-04-01,21.862,30.552,27.247,25.859,12.613
1963-05-01,134.219,116.303,128.376,106.897,110.534
1963-06-01,49.145,42.788,44.764,39.686,38.87
1963-07-01,112.713,94.653,102.45,59.629,51.905
1963-08-01,72.295,62.43,63.852,41.77,39.754
1963-09-01,94.335,96.704,98.016,82.474,77.314
1963-10-01,49.617,35.839,36.371,30.657,27.061
1963-11-01,18.66,23.713,20.699,14.532,7.509
1963-12-01,18.71,23.619,20.36,21.374,14.751
1964-01-01,16.252,16.759,17.8,13.005,10.934
1964-02-01,87.806,115.475,117.471,104.334,102.203
1964-03-01,26.483,28.086,29.365,27.204,31.542
1964-04-01,100.396,110.551,112.953,93.138,107.832
1964-05-01,55.759,64.469,62.505,51.642,50.701
1964-06-01,65.354,58.556,60.887,44.016,51.452
1964-07-01,141.214,126.655,136.341,102.262,107.667
1964-08-01,104.862,89.479,93.436,70.88,67.039
1964-09-01,129.873,107.135,112.586,91.514,87.062
1964-10-01,110.081,103.347,104.119,85.322,92.969
1964-11-01,85.53,80.912,85.348,68.894,63
1964-12-01,79.255,97.145,86.269,83.431,60.391
1965-01-01,9.326,11.04,13.616,14.793,18.452
1965-02-01,3.277,2.727,2.775,2.357,0.345
1965-03-01,21.205,25.194,24.231,20.524,13.94
1965-04-01,90.129,92.941,84.573,78.957,60.474
1965-05-01,64.149,55.423,59.188,52.479,51.833
1965-06-01,56.107,44.495,46.814,35.09,34.3
1965-07-01,102.436,90.456,97.55,70.071,58.249
1965-08-01,124.273,112.898,114.79,93.845,67.246
1965-09-01,62.718,49.626,46.46,35.47,27.294
1965-10-01,26.66,27,25.861,14.915,6.133
1965-11-01,94.589,101.402,102.439,79.273,67.682
1965-12-01,44.712,42.596,47.098,50.785,35.749
1966-01-01,34.643,41.013,33.945,34.036,22.368
1966-02-01,80.166,78.537,71.934,58.756,36.377
1966-03-01,82.407,77.162,81.639,69.496,72.131
1966-04-01,43.149,52.845,49.617,45.985,39.15
1966-05-01,48.46,46.687,45.884,31.242,21.087
1966-06-01,29.935,25.866,30.134,26.568,26.615
1966-07-01,94.355,80.841,81.372,57.37,54.485
1966-08-01,133.032,120.187,128.784,84.764,91.413
1966-09-01,78.794,57.158,64.466,41.236,44.88
1966-10-01,94.983,93.464,90.247,76.456,54.05
1966-11-01,56.042,59.157,59.792,53.954,32.998
1966-12-01,77.551,82.323,82.548,75.948,100.364
1967-01-01,19.775,20.033,22.116,22.093,23.052
1967-02-01,6.4,5.793,6.514,2.793,2.094
1967-03-01,20.94,26.937,24.915,17.878,12.492
1967-04-01,20.944,19.455,21.805,18.206,17.332
1967-05-01,37.668,31.253,36.436,21.544,19.016
1967-06-01,19.404,17.649,16.012,13.965,11.787
1967-07-01,50.301,38.249,42.403,24.182,21.272
1967-08-01,83.822,75.239,78.74,63.382,61.327
1967-09-01,53.96,54.713,54.833,39.526,33.041
1967-10-01,17.882,16.211,15.527,10.162,5.774
1967-11-01,24.992,31.437,28.104,23.198,20.396
1967-12-01,46.923,43.62,47.774,54.332,52.488
1968-01-01,36.897,30.226,27.371,34.46,24.939
1968-02-01,8.048,6.15,8.873,7.216,12.921
1968-03-01,69.233,32.248,41.197,31.237,25.496
1968-04-01,133.411,120.34,130.113,84.565,92.804
1968-05-01,139.564,110.741,118.62,97.698,92.588
1968-06-01,83.885,79.483,82.291,68.68,60.697
1968-07-01,86.811,61.481,72.995,45.531,41.475
1968-08-01,101.679,80.445,85.978,64.212,67.873
1968-09-01,39.266,39.259,40.467,33.531,27.274
1968-10-01,110.942,109.015,112.975,84.618,77.309
1968-11-01,83.189,75.82,81.153,65.187,64.264
1968-12-01,41.826,45.395,38.109,35.428,22.532
1969-01-01,30.101,34.382,33.554,29.02,29.096
1969-02-01,69.189,67.816,72.812,81.526,61.807
1969-03-01,42.053,35.104,34.376,18.084,20.909
1969-04-01,33.788,35.307,37.643,31.761,34.713
1969-05-01,87.364,84.987,82.872,62.506,55.244
1969-06-01,19.969,18.162,21.701,17.43,20.228
1969-07-01,83.62,68.202,70.268,47.331,47.907
1969-08-01,79.546,72.317,81.335,60.358,66.815
1969-09-01,103.483,96.702,96.898,71.886,62.57
1969-10-01,23.477,25.339,26.132,18.437,22.293
1969-11-01,82.954,93.371,97.478,77.443,57.794
1969-12-01,52.806,60.229,56.702,49.95,41.468
1970-01-01,125.095,129.37,125.102,145.687,101.253
1970-02-01,3.489,3.691,3.064,3.472,0.695
1970-03-01,144.926,170.6,144.92,135.654,72.099
1970-04-01,88.775,81.067,84.828,63.636,68.33
1970-05-01,77.974,69.509,65.635,60.001,52.007
1970-06-01,67.616,41.736,53.303,37.148,35.317
1970-07-01,61.656,62.868,65.262,47.224,41.115
1970-08-01,102.419,90.373,92.192,82.62,84.943
1970-09-01,64.435,70.896,70.429,87.685,58.347
1970-10-01,46.42,42.225,41.994,39.818,41.783
1970-11-01,87.876,111.353,113.126,117.873,100.061
1970-12-01,68.414,90.82,78.11,111.604,71.905
1971-01-01,86.864,123.351,96.485,88.403,50.809
1971-02-01,85.6,84.124,89.865,85.407,49.346
1971-03-01,24.517,23.388,22.271,20.335,21.346
1971-04-01,98.2,74.962,82.256,66.293,68.856
1971-05-01,112.185,97.233,97.81,81.222,75.292
1971-06-01,86.272,61.866,73.02,47.889,55.456
1971-07-01,49.181,28.226,36.58,20.704,24.022
1971-08-01,63.589,51.822,54.787,38.98,32.509
1971-09-01,75.489,65.39,73.295,57.21,55.678
1971-10-01,123.745,111.628,115.949,96.425,83.963
1971-11-01,127.958,128.158,127.075,111.666,77.564
1971-12-01,75.341,85.926,84.525,100.106,94.195
1972-01-01,46.968,53.993,48.989,58.862,50.058
1972-02-01,102.973,104.42,97.089,87.122,95.511
1972-03-01,32.752,52.229,38.78,52.405,51.735
1972-04-01,88.734,63.087,76.79,59.954,58.982
1972-05-01,34.194,30.087,33.805,24.321,22.615
1972-06-01,27.275,26.74,29.674,23.904,25.96
1972-07-01,64.575,54.647,57.2,43.04,45.044
1972-08-01,75.586,61.862,67.031,41.211,42.882
1972-09-01,23.712,25.044,24.344,23.648,25.224
1972-10-01,71.227,66.878,67.496,47.939,37.969
1972-11-01,48.551,34.564,41.916,30.984,36.301
1972-12-01,3.596,3.168,3.762,1.808,1.829
1973-01-01,54.25,41.308,46.006,37.048,50.727
1973-02-01,256.414,245.292,246.126,230.334,169.113
1973-03-01,51.292,47.451,48.432,44.018,41.226
1973-04-01,61.601,40.041,42.424,28.156,30.972
1973-05-01,102.223,83.438,95.33,73.63,77.002
1973-06-01,73.363,59.204,59.802,46.284,55.277
1973-07-01,56.603,38.698,48.547,29.727,27.217
1973-08-01,93.031,81.535,82.689,63.009,54.035
1973-09-01,82.542,69.651,69.74,57.545,51.176
1973-10-01,103.282,74.789,87.525,60.195,61.918
1973-11-01,72.364,85.563,85.358,86.768,59.339
1973-12-01,60.364,57.249,49.685,44.857,33.504
1974-01-01,76.141,63.719,75.65,69.721,80.458
1974-02-01,36.183,24.566,28.675,19.079,20.78
1974-03-01,32.309,32.583,27.513,31.286,69.825
1974-04-01,107.717,124.84,124.257,116.042,105.323
1974-05-01,143.499,109.117,119.427,82.603,75.596
1974-06-01,32.753,34.081,32.688,25.532,15.809
1974-07-01,117.266,97.294,113.172,85.87,80.491
1974-08-01,95.615,99.722,99.911,96.238,80.786
1974-09-01,114.304,102.309,107.547,67.108,61.992
1974-10-01,100.893,81.824,93.659,73.028,72.227
1974-11-01,42.828,55.606,44.328,45.603,19.34
1974-12-01,42.538,43.666,38.94,38.589,34.488
1975-01-01,36.016,33.872,38.685,27.489,16.357
1975-02-01,4.326,4.329,3.812,3.385,1.079
1975-03-01,92.565,97.925,96.521,83.982,72.574
1975-04-01,22.223,23.397,22.508,21.149,14.552
1975-05-01,73.149,62.346,65.455,47.798,39.079
1975-06-01,39.421,37.001,35.368,32.652,27.882
1975-07-01,72.06,54.358,67.334,51.843,61.255
1975-08-01,116.342,95.733,102.125,85.352,77.832
1975-09-01,122.396,96.031,102.552,78.345,82.307
1975-10-01,207.51,165.653,187.247,140.251,134.312
1975-11-01,56.528,57.156,61.45,49.128,41.019
1975-12-01,25.702,21.978,24.411,24.323,25.092
1976-01-01,15.19,8.618,12.35,8.603,9.129
1976-02-01,42.942,26.515,33.513,21.728,18.283
1976-03-01,35.769,37.535,43.763,47.392,44.267
1976-04-01,20.852,18.512,20.045,14.369,18.869
1976-05-01,29.912,20.034,23.58,16.936,13.387
1976-06-01,79,74.031,71.846,55.676,45.232
1976-07-01,35.866,25.927,31.549,20.879,17.877
1976-08-01,86.607,74.869,78.12,69.977,66.011
1976-09-01,109.311,105.691,106.12,102.275,92.531
1976-10-01,119.535,129.691,125.958,115.704,73.174
1976-11-01,77.025,70.357,74.277,65.214,47.468
1976-12-01,75.195,75.771,76.37,76.738,59.592
1977-01-01,31.452,27.536,27.201,28.728,38.431
1977-02-01,35.936,41.983,30.981,56.046,37.864
1977-03-01,42.434,32.145,36.771,26.583,29.935
1977-04-01,49.81,45.058,40.075,31.316,14.226
1977-05-01,127.5,107.536,112.871,107.106,105.102
1977-06-01,183.726,146.423,163.237,114.731,107.19
1977-07-01,79.223,67.641,71.749,75.865,62.364
1977-08-01,46.639,37.786,37.927,29.079,29.703
1977-09-01,50.041,46.769,43.501,41.801,31.888
1977-10-01,35.107,29.671,30.889,25.325,32.649
1977-11-01,39.768,39.984,43.054,41.363,44.011
1977-12-01,23.341,24.057,23.737,21.651,18.48
1978-01-01,49.866,49.12,42.441,32.461,21.04
1978-02-01,29.273,31.567,28.937,28.314,16.138
1978-03-01,37.121,41.517,38.256,43.589,23.44
1978-04-01,69.605,59.317,61.538,60.349,55.063
1978-05-01,92.673,82.081,81.103,72.251,63.543
1978-06-01,59.528,90.945,77.547,112.097,78.267
1978-07-01,106.534,108.898,115.849,98.84,101.638
1978-08-01,101.674,94.51,97.482,84.312,73.112
1978-09-01,88.848,86.954,91.131,80.088,73.626
1978-10-01,77.691,65.909,57.51,44.308,51.452
1978-11-01,129.493,150.274,141.833,158.896,158.547
1978-12-01,96.896,95.149,116.997,137.026,126.994
1979-01-01,93.2,84.71,88.26,53.082,37.771
1979-02-01,40.779,36.523,38.833,33.682,22.741
1979-03-01,23.339,31.844,32.286,25.54,15.38
1979-04-01,46.151,35.87,39.003,30.307,34.304
1979-05-01,89.792,66.168,71.088,50.655,61.584
1979-06-01,33.93,32.055,33.27,34.149,37.032
1979-07-01,44.044,33.215,40.408,25.83,23.852
1979-08-01,85.417,76.445,75.483,72.858,76.874
1979-09-01,98.707,86.691,84.273,75.19,71.916
1979-10-01,114.921,98.732,109.982,89.299,74.616
1979-11-01,35.145,31.651,40.241,32.873,40.48
1979-12-01,15.47,16.368,15.234,20.113,21.53
1980-01-01,40.996,46.895,39.554,46.587,31.526
1980-02-01,6.782,5.149,6.609,6.12,5.914
1980-03-01,14.35,13.4,13.765,15.24,12.851
1980-04-01,65.637,44.805,53.684,43.86,58.505
1980-05-01,70.403,55.979,56.74,42.248,43.06
1980-06-01,80.41,65.465,70.745,47.751,38.641
1980-07-01,74.283,54.645,63.402,47.877,45.363
1980-08-01,85.203,63.615,69.446,52.58,59.402
1980-09-01,65.274,66.82,64.582,57.029,56.87
1980-10-01,121.22,102.27,115.92,102.867,103.123
1980-11-01,47.462,43.805,45.626,36.419,32.241
1980-12-01,46.699,52.024,50.071,60.946,43.989
1981-01-01,50.096,68.051,58.525,87.745,38.395
1981-02-01,18.962,30.579,22.752,28.846,16.157
1981-03-01,42.952,36.566,34.858,40.151,30.319
1981-04-01,20.743,19.239,20.562,13.353,19.168
1981-05-01,83.388,72.065,73.416,64.872,70.16
1981-06-01,116.972,92.466,102.097,70.434,61.662
1981-07-01,110.499,88.883,95.804,68.355,63.709
1981-08-01,152.039,136.951,139.224,102.576,95.832
1981-09-01,39.998,30.421,33.824,28.431,25.115
1981-10-01,102.375,118.2,115.144,105.418,88.524
1981-11-01,84.656,69.121,76.727,63.186,69.929
1981-12-01,21.784,24.375,20.987,23.675,22.246
1982-01-01,48.511,42.438,40.164,35.457,27.101
1982-02-01,6.569,4.627,5.048,4.174,2.859
1982-03-01,64.482,68.441,65.22,47.351,40.557
1982-04-01,38.464,37.241,33.589,27.884,26.563
1982-05-01,57.844,55.013,57.992,53.433,38.335
1982-06-01,57.796,37.888,39.137,25.644,30.967
1982-07-01,35.95,27.752,32.28,19.247,16.769
1982-08-01,19.291,18.218,18.669,16.681,9.228
1982-09-01,56.922,63.894,62.271,58.697,47.565
1982-10-01,40.327,35.564,35.341,32.695,24.261
1982-11-01,24.371,19.657,19.263,15.463,9.668
1982-12-01,56.366,62.354,53.389,53.098,28.072
1983-01-01,15.279,12.364,15.581,20.266,24.559
1983-02-01,0.659,2.829,3.731,8.159,1.511
1983-03-01,101.277,88.41,88.817,81.668,61.409
1983-04-01,56.229,48.585,50.649,43.747,34.779
1983-05-01,120.721,104.887,116.175,94.59,100.557
1983-06-01,71.647,66.91,69.119,58.14,63.866
1983-07-01,98.452,91.321,93.309,82.534,54.381
1983-08-01,92.588,72.291,85.379,67.671,68.166
1983-09-01,85.339,82.879,90.218,91.592,98.517
1983-10-01,91.214,102.284,95.549,109.137,83.036
1983-11-01,102.793,93.535,91.046,80.664,54.208
1983-12-01,10.425,15.028,12.081,11.996,8.626
1984-01-01,58.527,49.549,47.208,54.256,47.361
1984-02-01,11.601,10.565,11.374,11.6,9.553
1984-03-01,102.436,84.749,85.184,68.345,71.716
1984-04-01,55.18,50.866,54.927,47.784,46.79
1984-05-01,22.676,23.644,24.994,24.346,20.853
1984-06-01,28.441,25.014,22.999,21.745,15.463
1984-07-01,51.064,41.981,48.652,42.107,46.95
1984-08-01,108.118,86.856,93.89,74.416,76.572
1984-09-01,124.532,124.753,127.698,107.711,94.332
1984-10-01,49.541,55.432,52.734,36.124,28.831
1984-11-01,59.1,50.377,51.739,31.11,33.371
1984-12-01,34.491,35.603,33.331,38.947,40.866
1985-01-01,21.009,24.643,19.474,21.316,11.334
1985-02-01,5.974,5.052,6.825,7.305,8.974
1985-03-01,37.783,55.28,46.393,56.962,43.602
1985-04-01,55.949,65.175,72.993,70.38,99.07
1985-05-01,49.235,39.944,40.118,35.821,35.115
1985-06-01,66.399,62.686,62.939,55.048,53.774
1985-07-01,74.118,77.962,76.487,60.352,65.74
1985-08-01,101.41,82.569,78.074,65.02,61.552
1985-09-01,59.769,58.165,55.449,44.958,26.319
1985-10-01,95.487,85.754,83.548,75.948,59.801
1985-11-01,65.369,56.245,59.393,65.16,58.801
1985-12-01,150.25,161.657,153.948,174.556,143.642
1986-01-01,23.235,23.675,24.328,19.355,19.415
1986-02-01,17.615,25.578,18.852,23.955,12.274
1986-03-01,9.789,10.504,9.857,6.797,5.623
1986-04-01,88.73,65.007,70.317,57.389,66.683
1986-05-01,88.226,85.139,83.034,68.954,68.772
1986-06-01,57.716,55.71,56.583,38.042,44.711
1986-07-01,106.014,80.387,87.525,59.917,68.747
1986-08-01,58.182,51.994,52.041,41.508,41.02
1986-09-01,66.722,63.284,65.645,58.113,51.552
1986-10-01,131.102,117.984,118.331,104.943,128.15
1986-11-01,26.12,28.322,24.979,24.097,23.098
1986-12-01,108.207,89.752,91.593,98.195,87.314
1987-01-01,75.777,63.669,75.869,62.209,63.091
1987-02-01,51.567,55.516,55.982,54.615,56.158
1987-03-01,49.79,55.975,47.746,46.442,45.907
1987-04-01,32.801,26.164,26.571,20.582,23.461
1987-05-01,114.155,104.539,100.456,94.172,80.683
1987-06-01,80.806,54.672,59.868,43.587,47.316
1987-07-01,55.85,46.58,43.875,35.172,44.649
1987-08-01,53.822,51.941,55.29,53.706,40.197
1987-09-01,56.56,53.316,52.943,49.182,46.788
1987-10-01,58.202,51.24,53.396,52.38,66.449
1987-11-01,60.547,60.403,58.99,50.943,40.182
1987-12-01,100.622,96.491,92.663,93.014,76.695
1988-01-01,68.64,67.399,68.409,62.794,59.289
1988-02-01,23.843,18.114,19.257,14.055,12.058
1988-03-01,32.475,40.829,33.357,40.1,30.433
1988-04-01,14.826,21.182,16.192,19.157,12.767
1988-05-01,117.217,79.916,83.805,67.646,71.168
1988-06-01,88.185,70.246,71.32,53.319,59.919
1988-07-01,76.073,66.904,64.429,45.913,48.921
1988-08-01,77.843,73.052,78.853,66.357,71.122
1988-09-01,81.279,57.613,60.708,46.21,36.485
1988-10-01,37.79,34.336,33.191,31.207,31.121
1988-11-01,76.342,104.137,83.3,105.345,82.713
1988-12-01,105.583,89.474,85.566,73.205,53.932
1989-01-01,35.988,41.613,45.712,49.772,51.585
1989-02-01,21.412,20.491,25.791,14.029,19.492
1989-03-01,74.421,62.307,59.112,62.388,54.522
1989-04-01,125.946,106.048,112.025,106.644,77.897
1989-05-01,102.147,84.771,86.225,65.766,64.597
1989-06-01,81.662,71.472,69.55,53.821,54.886
1989-07-01,79.549,71.537,71.215,65.527,55.404
1989-08-01,101.426,89.135,87.569,75.255,65.701
1989-09-01,85.051,78.597,74.071,68.645,52.204
1989-10-01,109.67,114.104,103.757,101.562,90.92
1989-11-01,35.629,31.92,31.54,26.698,26.859
1989-12-01,29.494,28.248,27.245,26.369,24.74
1990-01-01,3.324,1.739,1.723,0.981,5.466
1990-02-01,160.345,151.601,146.519,144.566,111.547
1990-03-01,39.37,30.498,26.039,24.034,18.806
1990-04-01,65.865,82.25,66.844,72.4,47.563
1990-05-01,20.098,13.226,13.123,11.631,13.615
1990-06-01,72.403,61.687,61.379,48.78,47.784
1990-07-01,123.781,92.436,99.444,68.384,56.685
1990-08-01,108.823,87.212,91.304,76.554,64.733
1990-09-01,62.933,59.158,57.996,50.299,47.991
1990-10-01,79.567,88.966,81.645,87.983,83.807
1990-11-01,56.267,53.259,53.623,45.077,48.955
1990-12-01,27.585,26.37,23.712,24.214,22.345
1991-01-01,81.955,75.662,73.975,74.893,109.499
1991-02-01,7.374,12.351,10.654,15.059,10.081
1991-03-01,18.595,27.986,24.668,28.652,20.835
1991-04-01,41.263,37.322,33.331,29.472,25.685
1991-05-01,20.213,21.721,19.966,19.786,13.282
1991-06-01,136.303,114.791,116.539,104.775,111.018
1991-07-01,64.608,59.645,52.835,41.766,33.92
1991-08-01,116.75,106.178,102.594,91.037,88.013
1991-09-01,100.658,95.923,91.555,87.947,78.082
1991-10-01,22.407,29.327,22.289,27.629,18.335
1991-11-01,42.194,30.523,38.282,31.122,35.054
1991-12-01,129.697,115.273,110.074,103.045,59.962
1992-01-01,58.811,71.494,46.177,28.895,15.829
1992-02-01,11.707,12.554,13.182,16.363,19.887
1992-03-01,41.73,39.519,42.188,38.408,36.719
1992-04-01,53.895,41.658,51.587,47.464,64.723
1992-05-01,83.614,65.694,67.057,51.09,49.402
1992-06-01,87.504,79.375,77.738,74.333,65.076
1992-07-01,56.252,50.122,49.27,40.628,39.361
1992-08-01,103.928,95.897,92.402,85.358,80.615
1992-09-01,145.712,119.329,129.771,112.891,111.746
1992-10-01,104.436,106.831,104.47,101.704,96.308
1992-11-01,86.458,98.715,93.497,93.583,70.893
1992-12-01,96.624,100.355,104.09,137.27,150.892
1993-01-01,111.689,89.122,94.553,91.945,95.174
1993-02-01,39.186,55.885,42.566,57.043,44.242
1993-03-01,37.963,26.041,26.416,15.662,12.904
1993-04-01,15.21,15.381,12.245,12.998,8.764
1993-05-01,45.26,32.781,35.453,23.33,23.54
1993-06-01,71.497,65.179,62.831,53.665,45.421
1993-07-01,90.401,63.808,65.963,60.354,59.336
1993-08-01,75.865,61.214,65.667,57.908,54.498
1993-09-01,161.589,146.177,144.139,125.183,122.296
1993-10-01,84.949,89.771,89.392,101.643,98.05
1993-11-01,57.199,57.746,56.722,54.014,50.32
1993-12-01,130.519,116.79,117.564,100.936,82.2
1994-01-01,37.417,44.101,42.749,44.419,31.717
1994-02-01,99.232,99.626,93.509,86.671,78.598
1994-03-01,5.02,9.517,4.988,6.657,1.201
1994-04-01,31.793,32.039,27.897,27.985,22.656
1994-05-01,49.937,44.557,43.86,41.969,35.376
1994-06-01,87.179,68.494,69.574,55.892,51.359
1994-07-01,32.855,29.738,34.377,25.13,29.643
1994-08-01,41.975,46.961,41.02,40.067,44.722
1994-09-01,70.082,71.172,66.496,60.012,50.843
1994-10-01,52.553,54.174,54.62,57.766,57.419
1994-11-01,49.305,61.566,54.732,68.065,61.521
1994-12-01,6.523,14.666,14.079,24.1,28.207
1995-01-01,56.882,56.448,58.702,57.933,62.349
1995-02-01,27.84,26.591,29.229,19.101,18.096
1995-03-01,50.635,46.706,53.936,56.857,54.941
1995-04-01,119.713,117.493,108.831,98.968,77.629
1995-05-01,77.885,61.328,62.21,53.735,59.126
1995-06-01,90.174,69.154,71.474,50.765,65.724
1995-07-01,92.581,81.155,80.283,65.082,64.67
1995-08-01,50.417,49.409,48.759,40.348,41.646
1995-09-01,41.052,44.354,42.69,46.167,38.449
1995-10-01,77.026,82.893,72.173,77.277,57.446
1995-11-01,65.267,117.204,94.672,126.552,97.931
1995-12-01,32.752,40.854,37.104,50.75,40.458
1996-01-01,49.619,48.263,46.632,35.478,32.917
1996-02-01,95.984,102.504,84.041,71.996,39.28
1996-03-01,60.136,57.695,48.768,36.075,29.422
1996-04-01,57.575,55.218,51.137,41.424,40.696
1996-05-01,25.479,28.744,21.075,18.122,8.662
1996-06-01,94.586,72.595,68.104,49.701,46.545
1996-07-01,118.031,96.12,103.388,86.984,82.669
1996-08-01,100.735,90.29,87.927,79.873,66.047
1996-09-01,140.065,125.611,121.871,107.338,93.89
1996-10-01,67.357,61.969,58.162,47.193,43.551
1996-11-01,29.194,28.295,27.785,28.425,29.095
1996-12-01,24.543,23.123,26.922,27.797,34.935
1997-01-01,50.863,49.01,50.561,42.214,47.225
1997-02-01,8.455,9.452,11.913,10.349,9.91
1997-03-01,21.864,32.639,25.504,21.562,12.812
1997-04-01,16.68,17.589,15.427,12.233,8.808
1997-05-01,79.003,64.816,65.785,49.756,58.548
1997-06-01,41.845,40.885,40.411,36.415,29.311
1997-07-01,42.669,38.928,39.138,26.01,22.839
1997-08-01,73.768,59.881,61.356,48.701,43.581
1997-09-01,94.756,78.253,84.303,64.954,66.119
1997-10-01,49.627,50.203,45.869,49.698,38.067
1997-11-01,76.81,84.515,84.683,81.331,82.212
1997-12-01,6.665,5.876,5.198,4.94,4.528
1998-01-01,41.542,36.887,36.032,36.374,40.572
1998-02-01,45.178,42.19,43.971,37.083,30.067
1998-03-01,15.463,14.875,14.415,10.545,5.882
1998-04-01,68.999,53.841,59.115,57.159,58.64
1998-05-01,43.979,38.499,39.614,30.204,25.048
1998-06-01,76.699,68.027,68.799,51.645,42.943
1998-07-01,87.36,66.305,73.457,51.796,50.835
1998-08-01,33.696,29.477,32.541,31.909,29.776
1998-09-01,67.782,59.377,59.509,46.058,40.232
1998-10-01,90.234,84.571,82.186,70.788,51.61
1998-11-01,73.032,82.786,81.341,71.116,48.45
1998-12-01,54.531,51.312,48.983,41.867,21.883
1999-01-01,39.047,48.679,50.213,46.938,35.408
1999-02-01,71.505,80.767,80.84,71.757,62.824
1999-03-01,51.857,49.957,49.259,44.348,32.409
1999-04-01,18.461,12.308,15.395,14.047,9.998
1999-05-01,66.163,51.375,53.897,41.052,44.514
1999-06-01,69.43,52.75,55.828,38.821,37.6
1999-07-01,33.764,29.735,31.754,26.194,23.141
1999-08-01,91.774,80.97,81.928,64.925,48.043
1999-09-01,49.624,47.666,46.329,36.662,23.582
1999-10-01,55.333,57.976,56.675,46.801,48.068
1999-11-01,46.067,41.132,43.132,31.152,36.234
1999-12-01,88.517,105.841,97.569,94.54,77.116
2000-01-01,30.107,52.029,38.4,32.583,16.258
2000-02-01,27.796,22.623,24.346,14.347,16.43
2000-03-01,10.63,11.064,9.206,7.596,6.327
2000-04-01,65.995,54.417,60.126,49.917,38.455
2000-05-01,81.786,83.931,74.39,65.717,39.261
2000-06-01,50.816,37.839,37.638,19.79,7.435
2000-07-01,80.243,55.131,60.255,40.505,31.271
2000-08-01,51.578,46.684,47.558,35.842,41.713
2000-09-01,101.46,98.139,101.59,86.897,87.991
2000-10-01,114.845,128.691,116.691,106.265,84.105
2000-11-01,71.349,44.244,48.106,37.675,36.48
2000-12-01,29.463,31.136,33.005,28.362,25.123
2001-01-01,27.65,28.623,26.081,20.268,13.675
2001-02-01,15.83,16.553,20.67,23.252,34.899
2001-03-01,85.423,65.525,66.782,51.097,48.027
2001-04-01,76.197,121.803,109.479,168.462,130.714
2001-05-01,21.547,18.384,18.698,16.342,14.144
2001-06-01,65.286,48.479,54.113,42.963,52.385
2001-07-01,24.138,20.636,19.767,14.905,17.455
2001-08-01,103.613,105.385,104.171,88.758,74.188
2001-09-01,63.312,51.702,55.099,41.913,46.737
2001-10-01,109.575,113.102,110.752,92.883,86.424
2001-11-01,81.318,89.177,79.242,80.652,60.298
2001-12-01,42.815,53.988,52.839,58.801,49.139
2002-01-01,29.237,23.289,22.27,18.552,18.159
2002-02-01,69.833,56.617,69.18,53.834,75.945
2002-03-01,15.733,19.993,16.404,11.46,3.921
2002-04-01,41.972,38.756,33.992,33.308,22.624
2002-05-01,53.517,45.259,46.067,35.771,31.642
2002-06-01,70.51,60.406,58.747,57.899,47.069
2002-07-01,55.287,61.382,64.365,62.884,54.641
2002-08-01,51.907,55.655,52.892,46.312,39.591
2002-09-01,65.744,64.014,66.582,56.23,52.011
2002-10-01,40.298,43.324,40.167,35.469,36.169
2002-11-01,28.666,30.195,31.357,34.316,47.124
2002-12-01,33.935,27.278,28.584,20.969,16.564
2003-01-01,27.408,26.307,25.409,27.561,30.27
2003-02-01,26.756,38.006,34.452,31.833,23.92
2003-03-01,36.129,34.915,33.578,30.332,19.653
2003-04-01,60.411,74.305,61.161,52.46,38.92
2003-05-01,37.579,31.496,29.967,20.108,21.036
2003-06-01,62.259,57.281,56.983,42.312,40.121
2003-07-01,79.345,75.017,75.328,66.32,62.459
2003-08-01,98.933,86.439,90.208,63.117,75.505
2003-09-01,62.738,69.787,71.448,70.016,80.728
2003-10-01,98.454,106.073,104.702,105.039,104.61
2003-11-01,39.267,45.448,44.239,46.258,25.403
2003-12-01,32.184,32.505,27.707,24.271,23.355
2004-01-01,44.185,43.365,39.895,37.035,34.99
2004-02-01,13.545,26.139,23.391,25.131,21.638
2004-03-01,35.115,37.251,38.796,36.311,33.32
2004-04-01,35.367,34.043,31.727,24.939,22.908
2004-05-01,55.458,43.806,46.641,39.128,32.798
2004-06-01,119.377,102.656,104.506,68.907,63.196
2004-07-01,74.177,67.767,69.724,54.051,43.47
2004-08-01,95.394,85.985,82.273,59.56,47.741
2004-09-01,77.769,73.494,75.916,63.619,55.083
2004-10-01,46.211,45.085,41.754,39.525,36.911
2004-11-01,81.51,83.18,80.13,68.363,63.298
2004-12-01,110.338,118.183,122.186,98.53,83.936
2005-01-01,35.509,36.538,29.754,32.548,23.734
2005-02-01,126.006,143.423,130.351,132.68,87.652
2005-03-01,9.573,13.71,10.829,11.028,9.217
2005-04-01,16.979,20.777,19.469,20.456,16.009
2005-05-01,23.858,21.213,22.783,14.38,10.804
2005-06-01,76.471,60.806,60.795,43.274,37.941
2005-07-01,40.91,41.878,42.231,34.796,35.309
2005-08-01,87.11,95.135,97.986,89.944,83.68
2005-09-01,73.305,59.215,61.078,43.802,41.852
2005-10-01,87.001,76.109,88.839,77.132,68.473
2005-11-01,57.793,51.253,53.753,48.536,26.916
2005-12-01,53.753,41.161,40.768,33.334,29.386
2006-01-01,37.469,36.976,32.31,34.777,40.339
2006-02-01,27.059,33.303,38.076,40.028,24.994
2006-03-01,12.695,13.546,12.349,9.43,7.551
2006-04-01,64.283,64.945,62.073,52.331,51.624
2006-05-01,60.964,70.977,66.242,49.677,42.767
2006-06-01,17.325,17.068,14.596,8.546,8.686
2006-07-01,62.979,62.248,62.053,51.773,40.09
2006-08-01,32.593,33.716,32.249,33.448,30.312
2006-09-01,35.223,41.988,40.546,43.431,40.329
2006-10-01,9.004,11.654,11.621,9.846,8.225
2006-11-01,25.377,27.473,26.29,21.965,17.815
2006-12-01,16.815,13.607,13.149,8.786,9.024
2007-01-01,94.301,82.453,79.251,37.165,45.51
2007-02-01,18.91,26.85,24.937,26.276,15.206
2007-03-01,34.973,27.135,31.719,18.135,20.66
2007-04-01,25.486,23.546,24.448,25.193,29.667
2007-05-01,87.603,73.957,71.757,55.837,54.255
2007-06-01,57.105,51.691,47.557,42.6,42.445
2007-07-01,102.483,102.964,105.021,95.346,80.388
2007-08-01,44.032,46.267,41.236,33.792,28.195
2007-09-01,60.754,58.348,56.74,39.204,39.92
2007-10-01,25.891,31.482,29.839,27.485,21.744
2007-11-01,101.531,100.024,105.568,112.925,106.554
2007-12-01,76.236,82.448,77.219,55.608,67.318
2008-01-01,21.576,22.048,23.859,19.783,15.64
2008-02-01,35.547,44.632,40.441,43.206,23.55
2008-03-01,25.484,24.977,23.578,18.993,18.118
2008-04-01,14.799,15.568,15.252,10.452,14.809
2008-05-01,61.481,55.75,54.925,47.591,43.327
2008-06-01,48.843,40.205,42.802,30.399,24.686
2008-07-01,84.775,63.119,68.675,46.848,43.1
2008-08-01,91.229,80.939,83.678,60.934,48.214
2008-09-01,38.54,35.961,37.03,29.396,36.168
2008-10-01,14.591,14.568,15.019,12.882,10.753
2008-11-01,58.454,46.149,50.878,37.941,33.955
2008-12-01,96.9,105.688,99.009,87.225,80.385
2009-01-01,1.808,1.939,2.456,0.896,0.554
2009-02-01,3.579,5.454,4.101,3.095,0.985
2009-03-01,51.445,39.955,36.058,27.406,23.079
2009-04-01,41.202,39.827,39.467,39.379,30.069
2009-05-01,26.7,23.812,24.24,14.311,10.827
2009-06-01,56.862,38.749,46.406,25.352,32.4
2009-07-01,83.07,68.542,67.563,48.819,49.842
2009-08-01,80.096,84.832,80.887,70.928,71.104
2009-09-01,102.53,92.134,92.23,74.79,69.917
2009-10-01,38.262,43.281,42.455,41.898,32.79
2009-11-01,112.392,102.241,102.066,95.172,85.608
2009-12-01,38.696,37.925,37.988,35.422,38.989
2010-01-01,23.43,19.945,19.875,19.707,22.071
2010-02-01,38.741,24.663,24.427,28.26,35.437
2010-03-01,102.657,65.289,69.168,64.348,76.092
2010-04-01,56.66,54.867,56.95,52.333,53.284
2010-05-01,49.051,55.21,50.119,46.026,35.332
2010-06-01,63.722,49.732,46.604,33.266,42.86
2010-07-01,55.857,30.85,35.798,23.594,30.273
2010-08-01,169.645,127.202,141.336,97.888,100.049
2010-09-01,121.574,88.73,94.144,66.559,54.953
2010-10-01,105.356,112.854,113.648,110.252,108.213
2010-11-01,115.693,106.624,97.498,88.787,74.646
2010-12-01,75.183,81.316,74.284,54.427,41.133
2011-01-01,185.775,154.574,173.804,148.698,154.425
2011-02-01,117.199,85.589,85.787,86.042,47.364
2011-03-01,28.415,33.29,28.114,27.173,26.572
2011-04-01,45.867,52.032,49.177,45.517,35.578
2011-05-01,73.977,66.44,64.168,49.865,36.267
2011-06-01,54.182,56.078,53.389,48.845,45.223
2011-07-01,65.784,57.702,55.711,45.081,41.274
2011-08-01,45.191,28.714,30.921,16.08,14.85
2011-09-01,54.038,53.714,49.251,37.488,24.038
2011-10-01,93.735,115.527,104.422,84.126,58.052
2011-11-01,92.349,111.025,94.929,94.655,62.675
2011-12-01,27.549,41.899,30.878,30.335,16.32
2012-01-01,21.61,15.822,17.866,17.211,21.096
2012-02-01,71.643,64.371,54.575,44.287,26.829
2012-03-01,61.87,51.689,49.117,45.451,38.237
2012-04-01,44.621,55.339,48.257,43.997,33.438
2012-05-01,65.933,76.204,66.182,59.057,45.724
2012-06-01,112.752,129.302,112.861,115.822,73.933
2012-07-01,97.038,70.251,71.69,40.779,38.042
2012-08-01,88.933,73.866,74.111,51.466,50.942
2012-09-01,59.488,63.136,60.913,49.073,52.547
2012-10-01,41.354,44.758,44.774,39.364,36.095
2012-11-01,38.045,46.384,46.158,39.216,47.8
2012-12-01,40.74,45.672,41.361,37.097,29.595
2013-01-01,2.201,5.039,2.889,2.971,0.049
2013-02-01,73.625,53.35,54.601,35.829,27.907
2013-03-01,19.48,18.696,20.455,16.514,14.471
2013-04-01,17.369,21.385,20.709,16.269,11.102
2013-05-01,47.024,38.595,38.673,26,29.198
2013-06-01,66.04,80.45,79.189,81.495,89.874
2013-07-01,87.673,83.45,86.28,65.698,56.032
2013-08-01,93.051,88.618,92.912,72.057,68.373
2013-09-01,73.782,59.977,57.46,46.91,54.479
2013-10-01,83.484,88.475,88.22,70.035,68.723
2013-11-01,57.235,72.231,59.178,48.218,30.615
2013-12-01,31.753,33.942,32.12,22.007,21.447
2014-01-01,23.31,22.4,22.771,23.133,23.935
2014-02-01,12.749,10.755,12.131,7.125,2.742
2014-03-01,36.653,36.015,38.073,36.181,39.647
2014-04-01,76.726,78.275,78.22,69.587,72.619
2014-05-01,35.805,28.872,29.589,21.296,16.698
2014-06-01,111.709,96.353,96.304,68.804,63.876
2014-07-01,74.854,63.277,66.257,36.449,40.549
2014-08-01,43.302,48.799,47.137,42.901,35.002
2014-09-01,45.278,36.901,38.308,31.135,26.427
2014-10-01,43.123,47.97,43.118,29.377,16.214
2014-11-01,47.197,57.202,56.176,56.697,47.864
2014-12-01,23.769,32.455,27.918,34.49,26.448
2015-01-01,74.554,74.001,67.858,71.602,64.313
2015-02-01,51.877,55.965,61.833,43.295,51.306
2015-03-01,38.891,38.139,33.094,25.498,21.229
2015-04-01,43.812,52.774,42.538,40.375,27.369
2015-05-01,61.58,69.847,64.147,45.692,49.457
2015-06-01,36.001,34.486,33.763,28.626,27.01
2015-07-01,69.882,61.395,58.662,42.995,33.221
2015-08-01,54.607,56.131,52.777,41.881,29.111
2015-09-01,48.711,44.209,47.221,36.139,39.293
2015-10-01,5.928,10.659,7.369,12.868,11.183
2015-11-01,24.223,31.357,31.596,40.527,35.461
2015-12-01,31.654,26.271,30.464,17.283,20.672
2016-01-01,42.675,39.986,34.324,35.215,32.296
2016-02-01,20.256,20.067,21.943,19.959,22.044
2016-03-01,38.095,38.22,39.591,26.388,25.801
2016-04-01,17.27,19.216,16.284,12.539,13.306
2016-05-01,92.033,73.078,73.539,60.596,62.131
2016-06-01,93.52,77.913,76.029,55.695,49.886
2016-07-01,119.739,123.457,115.746,99.534,90.663
2016-08-01,72.611,60.681,61.489,44.151,39.313
2016-09-01,183.602,131.286,144.55,90.999,80.883
2016-10-01,123.979,117.376,120.683,95.057,98.32
2016-11-01,38.937,29.839,33.232,20.117,13.113
2016-12-01,34.183,28.193,32.638,23.592,24.769
2017-01-01,42.74,37.947,40.423,34.772,36.938
2017-02-01,53.137,39.904,41.584,33.372,35.876
2017-03-01,38.874,35.918,37.354,43.791,33.455
2017-04-01,117.696,120.85,112.643,116.444,118.704
2017-05-01,45.892,36.338,38.145,30.948,30.515
2017-06-01,19.144,23.471,20.864,15.551,11.904
2017-07-01,67.235,52.33,58.761,35.772,40.983
2017-08-01,81.276,76.591,74.179,51.997,52.577
2017-09-01,71.118,79.507,77.37,64.829,62.885
2017-10-01,61.009,58.878,65.544,49.557,42.567
2017-11-01,56.26,61.1,54.084,51.159,39.756
2017-12-01,58.183,49.714,52.881,35.367,33.02
2018-01-01,41.015,30.784,33.709,38.727,33.649
2018-02-01,10.563,11.147,11.271,8.601,6.968
2018-03-01,35.744,27.846,30.15,15.639,14.952
2018-04-01,24.793,21.108,21.738,14.614,14.454
2018-05-01,98.13,92.976,85.993,76.037,65.264
2018-06-01,58.589,49.478,48.312,39.183,35.746
2018-07-01,81.563,75.728,82.78,64.34,65.663
2018-08-01,68.491,64.251,63.095,41.892,43.621
2018-09-01,27.053,32.165,29.892,27.351,25.308
2018-10-01,28.738,24.147,28.841,22.15,26.983
2018-11-01,53.464,53.838,48.732,43.837,37.966
2018-12-01,95.715,75.984,79.82,56.208,59.228
2019-01-01,5.547,3.68,3.469,2.533,2.305
2019-02-01,16.865,23.896,20.595,32.604,33.58
2019-03-01,22.127,23.907,20.123,17.604,18.474
2019-04-01,18.425,19.53,17.367,11.609,7.75
2019-05-01,164.592,164.228,148.162,135.884,122.991
2019-06-01,112.607,102.866,92.714,81.099,80.573
2019-07-01,67.704,71.309,68.566,56.727,54.395
2019-08-01,93.914,88.803,82.579,63.635,55.803
2019-09-01,58.381,52.956,55.301,39.589,31.785
2019-10-01,39.552,43.547,41.373,39.039,35.158
2019-11-01,71.215,71.699,68.12,56.372,49.19
2019-12-01,8.393,11.19,10.448,7.594,5.358
